year,city,tmin,tmax,rh,sh,sr,ep,ws,rf
01/01/1991,Sokoto,26.4,33.8,15,8.4,16.8,16.7,8.2,0
01/02/1991,Sokoto,18.5,35,17,9,18,19.3,6.9,0
01/03/1991,Sokoto,20.9,38.8,18,8.3,18.9,17.2,5.6,0
01/04/1991,Sokoto,24.9,40.9,25,7.1,16.7,16.9,9.1,7.2
01/05/1991,Sokoto,26.4,39.5,50,8.9,17.3,15.5,10.7,59.3
01/06/1991,Sokoto,24.4,34.9,62,9,11.6,10.1,7.7,138
01/07/1991,Sokoto,23.1,31.4,76,7.3,10.9,5.9,6.4,106.4
01/08/1991,Sokoto,22.5,31.2,78,5,11.1,4.6,6.9,192.9
01/09/1991,Sokoto,23.1,34,69,8.7,16.3,5.5,7.5,40.8
01/10/1991,Sokoto,23,36.2,59,8.4,16.7,10.7,9.2,12.9
01/11/1991,Sokoto,20.7,35.5,29,8.2,12.7,17.7,12.1,0
01/12/1991,Sokoto,15.1,30.4,27,9.5,15.3,17.8,8.6,0
01/01/1992,Sokoto,13.2,29.9,24,8.4,17.8,23.5,12.9,0
01/02/1992,Sokoto,18.3,34.8,16,9.6,15.2,22.8,12.9,0
01/03/1992,Sokoto,23.5,38.7,18,8.7,14.5,22.5,8.9,0
01/04/1992,Sokoto,26.3,39.7,28,7.7,12.2,20.5,10.3,0.25
01/05/1992,Sokoto,24.5,37.5,57,9.6,16.5,13.3,9.2,84.6
01/06/1992,Sokoto,25.8,36.1,58,8.8,15.7,12.2,8.4,54.3
01/07/1992,Sokoto,22.9,31.3,76,8.3,13.2,7.1,7,208.4
01/08/1992,Sokoto,22.3,31.9,73,6.2,17.1,6.9,6,133.4
01/09/1992,Sokoto,21.8,33.1,71,8.1,18.8,6.5,5.1,76.2
01/10/1992,Sokoto,23.2,37.5,45,9.8,17.5,10.5,10.7,0.25
01/11/1992,Sokoto,20,33.5,19,9.9,14.3,22.9,9.9,0
01/12/1992,Sokoto,16.6,33.4,23,9.4,16.3,20.1,7.9,0
01/01/1993,Sokoto,16.2,31.6,20,8.6,18.9,18.4,9.4,0
01/02/1993,Sokoto,18.8,33.5,17,1,18.2,21.2,11.9,0
01/03/1993,Sokoto,24.6,38.1,15,7.7,17.9,22.1,7.3,0
01/04/1993,Sokoto,27.9,40.4,35,8.7,15.6,20.1,8,0
01/05/1993,Sokoto,25.1,39,50,8.6,16.5,15.9,9.4,6
01/06/1993,Sokoto,23.7,37,56,9.5,15.7,12.6,9.1,38.4
01/07/1993,Sokoto,21.3,33.9,69,9,13.2,6.6,6.7,161.2
01/08/1993,Sokoto,22.6,30.3,81,6.1,17.1,4.9,5.2,300.3
01/09/1993,Sokoto,24,33.8,70,8.6,18.8,5.9,4.7,52.1
01/10/1993,Sokoto,23.9,35.9,61,8.6,17.5,12.6,9.9,11.1
01/11/1993,Sokoto,19.9,33.6,20,9.9,14.3,21.1,8.9,0
01/12/1993,Sokoto,17.2,32.6,16,9.1,16.5,19.9,7.8,0.25
01/01/1994,Sokoto,16.3,31.4,21,8.2,15.1,18.3,11.2,0
01/02/1994,Sokoto,15.4,33.4,19,9.9,16.4,22.2,12.6,0
01/03/1994,Sokoto,19.1,38.3,15,9.3,17.3,21.6,7.7,0
01/04/1994,Sokoto,27,41,16,9,16,21.2,9.6,0.25
01/05/1994,Sokoto,28.9,40.7,45,8.4,18,15.7,9.5,44.7
01/06/1994,Sokoto,25.5,35.8,61,9.2,13.9,12.3,10.3,154.3
01/07/1994,Sokoto,28.2,33.1,72,7.8,15,5.4,8.8,229.4
01/08/1994,Sokoto,23.5,31.6,77,4.5,16.5,5.2,5.5,127.9
01/09/1994,Sokoto,23.5,33.2,71,7,14.5,6.2,9,62.2
01/10/1994,Sokoto,23.2,36.6,28,9.6,17.6,17.8,9.4,0.25
01/11/1994,Sokoto,20.6,35.8,19,9.5,14.3,18.4,10.6,0
01/12/1994,Sokoto,19.1,33.6,23,8.5,15.3,18.5,9.1,0
01/01/1995,Sokoto,16.3,30.7,18,9.2,14.9,18.5,12.5,0
01/02/1995,Sokoto,18.8,38.8,12,9.7,17,21.5,11.2,0
01/03/1995,Sokoto,24,39,14,9.5,18.7,21.3,7.2,0
01/04/1995,Sokoto,26.4,40.1,15,8,16.9,22.2,9.1,0.25
01/05/1995,Sokoto,27.3,40.2,42,8.3,16.5,15.5,9.8,28
01/06/1995,Sokoto,25.4,35.6,61,9,15.7,12.5,9.4,95.2
01/07/1995,Sokoto,24.1,33.4,67,8.5,13.2,8.8,8.9,100.6
01/08/1995,Sokoto,24.5,34,65,5.8,17.1,8.6,8.6,117.8
01/09/1995,Sokoto,23.6,33.4,70,7.7,18.8,6.8,8.2,125.4
01/10/1995,Sokoto,24.8,37.1,47,9.6,17.5,12.3,9.4,0
01/11/1995,Sokoto,21.4,35.9,17,9.5,14.3,20.1,11.8,0
01/12/1995,Sokoto,17.1,30.1,20,9.4,14.5,20.2,9.2,0.25
01/01/1996,Sokoto,19.2,33.2,21,9.5,15.8,19.4,11.3,0
01/02/1996,Sokoto,18.3,32.4,13,9.5,16.7,23.1,7.3,0
01/03/1996,Sokoto,25.8,38.2,19,8.5,19.8,23.1,7.9,0.25
01/04/1996,Sokoto,25.6,40.4,17,8.5,20.7,23.4,7.2,0.25
01/05/1996,Sokoto,27.7,39.4,47,8.3,18,17.4,11,27.9
01/06/1996,Sokoto,26.1,36.1,57,8.1,13.9,14.5,8,95.2
01/07/1996,Sokoto,23.5,32.5,72,8.8,15,8.3,6.3,96.7
01/08/1996,Sokoto,23.2,31.5,76,6.4,16.5,5.8,6.3,135.1
01/09/1996,Sokoto,23.2,32.9,71,6.9,14.5,6,6.9,71.7
01/10/1996,Sokoto,23.8,37.1,29,9.8,17.6,14.5,8.5,0
01/11/1996,Sokoto,21.3,36.3,16,9.9,14.3,21.5,11.3,0
01/12/1996,Sokoto,17.3,30,20,9.7,15.3,20.1,8.9,0
01/01/1997,Sokoto,16.7,31.5,19,8.4,18.9,2.1,10.6,0
01/02/1997,Sokoto,21.4,36.7,14,9,18.2,2.2,9.1,0
01/03/1997,Sokoto,25.3,38.9,20,8.3,17.9,2.1,6.1,0
01/04/1997,Sokoto,28.9,41.2,42,7.1,15.6,1.8,7.2,0.25
01/05/1997,Sokoto,28,39.2,46,9.3,17.3,1.5,8,24.5
01/06/1997,Sokoto,26.6,37.5,53,8.7,11.6,14.4,10.9,36.4
01/07/1997,Sokoto,23.6,32.2,72,8.1,10.9,7.7,9,151.3
01/08/1997,Sokoto,22.9,31.9,77,5.7,11.1,5.7,6.6,139.2
01/09/1997,Sokoto,22.6,32.1,74,7.4,16.3,5.5,5.7,124.4
01/10/1997,Sokoto,23.6,36.1,47,9.7,16.7,1.2,5.4,0.25
01/11/1997,Sokoto,21.6,35.1,27,9.9,12.7,1,7.1,0
01/12/1997,Sokoto,16.5,30,18,7.7,16.3,1.9,8.6,0
01/01/1998,Sokoto,20.9,33.1,14,8.5,19,19.6,11.1,0
01/02/1998,Sokoto,24,35.9,12,9.5,19.3,22,8.6,0
01/03/1998,Sokoto,26,37.9,22,8.3,17.3,21.9,9.8,31
01/04/1998,Sokoto,24.2,39.7,15,6.5,18.6,28.5,8.7,0
01/05/1998,Sokoto,24.8,41.3,37,8.5,17.5,20.7,8.3,4.5
01/06/1998,Sokoto,25.2,36.7,58,8.4,14.1,13.2,9.3,49.1
01/07/1998,Sokoto,23.6,35.5,68,7.3,16.1,10.9,9.4,56.8
01/08/1998,Sokoto,22.7,32.9,72,7.6,16.1,7.5,7.7,130.5
01/09/1998,Sokoto,22.2,34.9,67,8.9,18.3,8.4,6.4,62.8
01/10/1998,Sokoto,21.6,36.6,52,9.3,17.1,14.6,5.6,38.5
01/11/1998,Sokoto,16.7,35.9,17,1.6,16.7,21.6,8.2,0
01/12/1998,Sokoto,13.9,32.3,25,9.9,16.5,22.2,10.3,0
01/01/1999,Sokoto,17.7,30.9,13,9.3,19.3,23.9,11,0
01/02/1999,Sokoto,19.7,34.3,14,9.9,17.5,26.6,10.9,0
01/03/1999,Sokoto,25.3,38.8,39,9.1,18.3,29.7,9.5,0
01/04/1999,Sokoto,28.2,40.1,45,6.4,16.7,21.5,7.5,5.8
01/05/1999,Sokoto,28.9,40.3,63,9.6,16.3,19.7,8.2,0.25
01/06/1999,Sokoto,25.3,35.7,73,8.8,15.5,13,9.8,107.3
01/07/1999,Sokoto,23.9,32.2,83,8.1,12.5,8.3,9.2,168.3
01/08/1999,Sokoto,22.5,28.9,75,7.2,12.6,4.3,6.3,227.9
01/09/1999,Sokoto,22.9,31.9,36,8.2,13,4.9,5,188
01/10/1999,Sokoto,22.7,36.3,21,9.2,11.7,14.5,6.1,0
01/11/1999,Sokoto,20.4,35.5,21,9.3,9.5,19.5,7.3,0
01/12/1999,Sokoto,17.3,30.4,20,1,15.3,21.9,7.1,0
01/01/2000,Sokoto,15,28.5,18,8.5,12.9,23.9,12.1,0
01/02/2000,Sokoto,17.7,31.3,15,9.9,15.2,26.6,11.9,0
01/03/2000,Sokoto,23,37.4,13,9.3,14.5,29.7,7.7,0
01/04/2000,Sokoto,25.4,40.7,26,9,12.2,21.5,6.5,0.25
01/05/2000,Sokoto,26.6,38.8,50,8.4,12.5,19.7,8.3,26.7
01/06/2000,Sokoto,24.8,36.3,57,9.2,11,13,10.1,163.5
01/07/2000,Sokoto,23,32.3,74,7.8,11.6,8.3,9,126.5
01/08/2000,Sokoto,23,31.2,79,6.2,16.5,4.3,7.6,192.5
01/09/2000,Sokoto,23.2,32.9,73,8.1,14.5,4.9,6.7,60
01/10/2000,Sokoto,23.2,35.1,48,9.8,16.5,14.5,6.1,16.6
01/11/2000,Sokoto,20.5,35.5,19,9.9,14.3,19.5,7.1,0
01/12/2000,Sokoto,18,31.9,27,9.4,14.5,21.9,9.1,0
01/01/2001,Sokoto,19,33.5,20,9.5,18.9,19.6,8.3,0
01/02/2001,Sokoto,19,33,20,9.5,18.2,22.4,10.2,0
01/03/2001,Sokoto,21,35.6,12,8.5,17.9,25.5,11.2,0
01/04/2001,Sokoto,27.7,41,36,8.9,15.6,17.5,6.9,0.25
01/05/2001,Sokoto,26.5,38.7,52,8.4,17,14.7,10.4,53.2
01/06/2001,Sokoto,26.2,37.5,57,9.1,15.2,12.9,11.3,72.7
01/07/2001,Sokoto,22.9,31.6,76,8.2,16.3,5.6,8.7,347.4
01/08/2001,Sokoto,23.3,32.1,75,5.9,17,4.8,6.8,109.6
01/09/2001,Sokoto,23.9,34,69,7.9,18,6,6,71.3
01/10/2001,Sokoto,24,37.3,44,9.1,14.6,12.5,4.8,0
01/11/2001,Sokoto,21.3,36.6,24,9.4,15.4,15.2,5.5,0
01/12/2001,Sokoto,20.3,35,23,8.4,15.3,14.7,5.6,0
01/01/2002,Sokoto,17.6,31.9,17,9.9,15.1,18.8,9.2,0
01/02/2002,Sokoto,22.4,37.3,16,9.6,16.4,18.3,5.8,2.8
01/03/2002,Sokoto,24.9,38.1,21,9.4,17.3,20,6.9,10.2
01/04/2002,Sokoto,27.1,39.5,39,8.7,16,15.1,6.2,18.3
01/05/2002,Sokoto,26,35.3,65,7.1,16.5,9.1,7.3,141.4
01/06/2002,Sokoto,25.1,34.9,66,8.4,14.5,7.8,6.9,117
01/07/2002,Sokoto,22.8,31.4,78,9.1,14.1,4.7,6.5,172.6
01/08/2002,Sokoto,22.9,30.9,79,7.7,16,3.4,6.1,211.3
01/09/2002,Sokoto,23.6,33.6,74,8.6,16.9,4.7,5.2,85.8
01/10/2002,Sokoto,23.5,35.9,57,8.6,16.3,8.2,4.3,12.1
01/11/2002,Sokoto,20.5,35.5,18,7.3,18.5,17,7.2,0
01/12/2002,Sokoto,17.1,31.2,19,8.3,16.3,17.1,9.1,0
01/01/2003,Sokoto,16.5,29.1,22,8.3,15.1,16,10.1,0
01/02/2003,Sokoto,18.8,33,13,8.4,16.4,22.4,10.5,0
01/03/2003,Sokoto,23.9,32.9,17,7,18.2,18,4.7,0.25
01/04/2003,Sokoto,26.9,40.4,31,8,17.6,18.3,5.5,0
01/05/2003,Sokoto,26.7,37.9,55,8.8,14.9,12.7,7,38.9
01/06/2003,Sokoto,25.5,36.4,59,8.7,15.1,10.8,7.7,61.9
01/07/2003,Sokoto,22.8,31.7,59,7.1,14.9,5.3,5,150.9
01/08/2003,Sokoto,22.7,31.9,80,7.7,16.6,4.4,4.1,132.5
01/09/2003,Sokoto,23,32.5,72,8.2,17.1,4.7,2.8,164.8
01/10/2003,Sokoto,23.7,36.6,50,9.4,17.1,9.7,2.4,0
01/11/2003,Sokoto,20.5,34.3,22,9.3,15.3,12.6,5.5,0
01/12/2003,Sokoto,17,32.5,15,9.3,16.5,13.3,5.6,0
01/01/2004,Sokoto,15.8,28.9,20,5.7,17.2,16.6,8.4,0
01/02/2004,Sokoto,19.8,35.7,15,8.3,18.9,16.3,3.7,0
01/03/2004,Sokoto,23.8,38,19,8.8,17.1,19.4,5.4,0
01/04/2004,Sokoto,26.2,40.9,22,8.7,18.9,16.1,4.9,5
01/05/2004,Sokoto,27.9,40,48,8.4,16.3,15.7,6.9,54.8
01/06/2004,Sokoto,25.9,37,56,9.4,15.7,10.5,8.4,39.7
01/07/2004,Sokoto,23.4,33.1,71,6.9,17.1,6.3,6.4,204.7
01/08/2004,Sokoto,23.2,31.8,76,6,16.8,4.1,4.7,238.2
01/09/2004,Sokoto,22.7,33.1,71,8.8,16.7,4.8,4.5,99.8
01/10/2004,Sokoto,23.6,37.1,51,9.6,17.3,9.2,2.9,0
01/11/2004,Sokoto,20.5,35.6,22,9.8,13.7,12.5,6.2,0
01/12/2004,Sokoto,17.9,33.3,19,8.9,15.3,13.6,5.9,0
01/01/2005,Sokoto,17.2,32.3,21,9.2,16.7,15.1,7.2,0
01/02/2005,Sokoto,18.7,34,19,9.8,16.2,19.3,8.1,0
01/03/2005,Sokoto,24.4,40.3,14,7.9,16.8,19.8,5.8,0.25
01/04/2005,Sokoto,27.4,40.4,41,9,17.2,15.9,7.3,0.25
01/05/2005,Sokoto,27.7,39.6,45,8,16.2,14,7.6,0.25
01/06/2005,Sokoto,25.3,36.8,59,9.3,15.5,11,9.1,51.8
01/07/2005,Sokoto,23.6,32.8,75,7.7,15.1,5.9,6.9,163.7
01/08/2005,Sokoto,25.9,31.9,82,6.8,16.9,3.4,5.2,355.6
01/09/2005,Sokoto,23,32.3,76,7.2,18.3,3.5,4.1,185.5
01/10/2005,Sokoto,23.7,35.1,64,9.1,18,6.1,4.6,5.5
01/11/2005,Sokoto,19.7,35.2,27,8.9,13.2,13.4,7.1,0
01/12/2005,Sokoto,16.2,30.4,21,9.1,14.5,14.4,11.1,0
01/01/2006,Sokoto,14.9,30.2,20,9.7,18.6,14.9,9.7,0
01/02/2006,Sokoto,17,33.1,15,8.7,18.3,17,10,0
01/03/2006,Sokoto,24.5,39.8,15,9.4,18.1,19.1,8.1,0
01/04/2006,Sokoto,26.9,40.3,32,8.3,17.8,17.4,8.4,2.7
01/05/2006,Sokoto,27.7,39.8,47,8.2,17.3,13.4,8.9,17.8
01/06/2006,Sokoto,26.9,37.8,58,9.5,14.9,12.1,11.2,23.7
01/07/2006,Sokoto,23.8,34.5,68,8.4,15.7,8.2,9.8,200.5
01/08/2006,Sokoto,22.5,31.5,81,7.7,16.5,3.6,6.7,170.4
01/09/2006,Sokoto,23.1,32.9,74,8.4,17.5,4.4,6.5,92.3
01/10/2006,Sokoto,23.7,36.9,54,8,16.4,8.9,5.2,2.4
01/11/2006,Sokoto,19.9,35.6,24,9.9,14.8,14.8,7.3,0.25
01/12/2006,Sokoto,18.8,35.1,20,9.4,15.6,15.1,8.2,0
01/01/2007,Sokoto,17.5,35,22,8.3,16.8,14.8,7,0
01/02/2007,Sokoto,20.8,37.5,18,8.6,19.1,16.9,7.5,0
01/03/2007,Sokoto,24.4,39.8,14,4.9,18.1,19,7.6,0
01/04/2007,Sokoto,20.8,40.8,25,6.9,19.2,17.1,7.1,0
01/05/2007,Sokoto,26.4,38.9,56,9.4,19.3,13.4,9.4,49
01/06/2007,Sokoto,24.5,35,65,9.4,17.8,7.8,9.8,194.4
01/07/2007,Sokoto,23.7,33.6,70,7.9,17,6.3,9.5,160.5
01/08/2007,Sokoto,22.6,31.8,79,7.5,15.4,4,7.2,240.9
01/09/2007,Sokoto,22.8,32.5,75,8.2,17.5,3.9,6.6,7
01/10/2007,Sokoto,22.9,36.7,50,8.2,18.1,8.5,5.8,15.1
01/11/2007,Sokoto,18.5,34.5,22,10.1,17.9,13.9,8.2,0
01/12/2007,Sokoto,17,34.9,23,9.1,14.9,14.2,7.8,0
01/01/2008,Sokoto,16.9,34.2,19,10,14.9,14.6,8.2,0
01/02/2008,Sokoto,16.4,31.6,18,8.9,17,18.5,11.5,0
01/03/2008,Sokoto,22.5,36.9,18,8.7,18.7,10.3,8.7,2.8
01/04/2008,Sokoto,25.9,40.1,37,7.1,16.9,15.5,8.1,1.8
01/05/2008,Sokoto,26.1,36.8,58,9.7,18,9.7,8.3,141.3
01/06/2008,Sokoto,24.1,34.9,65,9,16.5,7.4,8.4,152.8
01/07/2008,Sokoto,23.7,33.4,73,6.6,15.7,5.5,8.3,112.8
01/08/2008,Sokoto,22.7,32.6,77,8.5,13.2,3.4,6.5,175.7
01/09/2008,Sokoto,23.6,34.1,69,8.1,17.1,4.7,6.5,42
01/10/2008,Sokoto,24.7,37.6,57,8.8,18.8,7.7,6.4,16.3
01/11/2008,Sokoto,21.4,38.4,28,8.8,17.5,12.3,4.4,0.25
01/12/2008,Sokoto,18,34.4,27,8.5,14.3,14.2,7.3,0
01/01/2009,Sokoto,17,32.5,22,8.7,15.8,14.6,9.1,0
01/02/2009,Sokoto,21.4,37,22,10.1,16.7,18.1,9.5,0
01/03/2009,Sokoto,21.9,36.9,17,7.5,19.8,20,9.9,0
01/04/2009,Sokoto,28.2,42.1,33,8.6,20.7,17.3,8.2,10
01/05/2009,Sokoto,29,40.1,48,7.8,19.3,13.7,9.8,6.9
01/06/2009,Sokoto,26.1,36.7,61,7.6,18,9.3,9.5,88.7
01/07/2009,Sokoto,24,32.6,73,7.6,13.9,5.6,9,180.6
01/08/2009,Sokoto,23,31.1,81,7.2,15,2.6,6.6,183.1
01/09/2009,Sokoto,23.4,31.9,77,7.8,16.5,4.4,5.6,374.9
01/10/2009,Sokoto,24.3,36.7,56,8.1,14.5,6.1,6,1.7
01/11/2009,Sokoto,21,37.5,22,8.9,17.6,11.6,4.7,0
01/12/2009,Sokoto,18.2,33.4,27,5.1,14.3,14.1,6.4,0
01/01/2010,Sokoto,16.8,33.5,20,9.4,15.4,14.9,6.8,0
01/02/2010,Sokoto,19.7,35.8,16,9.1,18,18.2,5.9,0
01/03/2010,Sokoto,23.9,41,17,9.3,19.4,19.5,6.2,0
01/04/2010,Sokoto,27.1,40.8,33,9.1,19.2,17.6,7.6,0.25
01/05/2010,Sokoto,27.1,39.7,49,7.9,18.3,11.7,8,45
01/06/2010,Sokoto,26.3,37.4,54,8.3,19.1,10.2,8.9,42.6
01/07/2010,Sokoto,23.3,32.5,75,7.8,14.6,4.9,8.5,162.9
01/08/2010,Sokoto,22.4,29.9,84,7.5,16.1,2.4,6.1,304.3
01/09/2010,Sokoto,22.4,31.8,77,7.9,17.2,2.9,5.3,126.4
01/10/2010,Sokoto,22.4,34.8,54,8.4,18.3,6.4,5.1,30.4
01/11/2010,Sokoto,20.8,36.3,24,8.3,17.8,11.1,6,0
01/12/2010,Sokoto,16.5,32.7,24,6.8,15.4,11.7,7.3,0
01/01/2011,Sokoto,18.9,33.1,25,8.8,16.1,13,7.7,0
01/02/2011,Sokoto,16.9,31.2,23,7.2,18.2,14.2,9.8,0
01/03/2011,Sokoto,21.5,37.1,11,7.6,18.3,17.3,9.2,0
01/04/2011,Sokoto,26.6,42.2,33,7.4,18.6,14.5,6.1,0
01/05/2011,Sokoto,27.9,40.6,40,7.3,15,13.4,8,26.5
01/06/2011,Sokoto,25.2,36.3,62,7.9,16.6,8.9,8.8,59.7
01/07/2011,Sokoto,23.5,32.3,75,7.3,12.8,4.8,8,361.6
01/08/2011,Sokoto,22.8,31.3,77,1.6,13.9,3.4,6.1,159.8
01/09/2011,Sokoto,23.3,32.9,69,8.2,17.3,4,5.9,63.8
01/10/2011,Sokoto,23,35.5,51,8.9,17.8,6.7,6.1,48.6
01/11/2011,Sokoto,19.5,36.9,20,7.9,16.4,11.4,7.1,0
01/12/2011,Sokoto,16.6,32.5,24,9.6,15.7,11,5.6,0
01/01/2012,Sokoto,15.4,32.5,18,9.3,14.1,12.1,7.8,0
01/02/2012,Sokoto,17.5,33.4,13,7.1,17.2,13.8,9.1,0
01/03/2012,Sokoto,22.4,39.5,13,7.2,17.7,16.3,7.5,0
01/04/2012,Sokoto,26.8,40.3,34,7.3,19,14.4,8.8,24.1
01/05/2012,Sokoto,27.5,38.7,53,6.9,16.9,10.8,8.5,60.5
01/06/2012,Sokoto,25.6,35.7,62,6.9,17.8,8.2,8.8,36.8
01/07/2012,Sokoto,24.1,33.2,72,7.5,14.5,4.9,7.6,360.8
01/08/2012,Sokoto,22.9,31.1,79,6.1,14.7,2.8,6.1,141.9
01/09/2012,Sokoto,28,32.9,73,8,15,3.6,6.1,107.5
01/10/2012,Sokoto,22.9,36.4,42,8.2,16.6,8.7,5.7,0
01/11/2012,Sokoto,20,36.5,27,7.9,14.9,11.3,8.2,0
01/12/2012,Sokoto,18.3,35.2,24,8.2,16.5,11.6,5.9,0
01/01/2013,Sokoto,17.8,34.5,19,5.7,15.5,12,7.9,0
01/02/2013,Sokoto,24.3,39.5,19,8.3,19.3,12.2,7.8,0
01/03/2013,Sokoto,27.8,40.8,40,8.8,18.3,15.3,7.6,33.3
01/04/2013,Sokoto,28.3,40.8,48,7.6,20.2,12.2,6.6,30.8
01/05/2013,Sokoto,26.2,37.1,58,8.4,19.1,11.7,8.2,67.4
01/06/2013,Sokoto,24,33.3,74,6.7,18.3,8.9,8.1,231.6
01/07/2013,Sokoto,23.1,31.6,79,7,15.8,4.7,7.7,183.1
01/08/2013,Sokoto,23.1,32.9,73,6.7,13.9,3,6,179.2
01/09/2013,Sokoto,22.2,34.4,59,7.5,16.8,3.3,5.3,43.3
01/10/2013,Sokoto,19.6,36.1,26,7.5,17.7,5.2,4.4,0
01/11/2013,Sokoto,16.9,34,22,9.4,14.5,9.9,7.3,0
01/12/2013,Sokoto,19.5,34.9,25,8.6,15.9,10.5,11.1,0
01/01/2014,Sokoto,20.4,37.3,17,6.9,15,10.2,6.8,0
01/02/2014,Sokoto,22.4,38.1,17,8.3,17.3,13.3,8.1,0
01/03/2014,Sokoto,26.9,40.6,44,8.3,20.2,15,7.5,9.2
01/04/2014,Sokoto,26.7,40.8,42,7.7,18.6,11.9,7.6,17.5
01/05/2014,Sokoto,25.5,35.9,60,8.3,17.7,12.1,8.6,71.3
01/06/2014,Sokoto,24,33.1,73,6.9,17,7.9,7.6,287.9
01/07/2014,Sokoto,22.9,30.7,80,7,15.2,4.5,6.1,288.7
01/08/2014,Sokoto,23.3,32.3,73,8.4,11.6,2.5,4.6,108.2
01/09/2014,Sokoto,23.9,36.6,58,7.2,15.9,3.3,5.9,7.4
01/10/2014,Sokoto,20.9,37.2,28,6.3,15.3,5.9,4.9,0
01/11/2014,Sokoto,16.7,33.2,22,8.2,16.2,10.8,7.1,0
01/12/2014,Sokoto,20.3,33.3,23,6.4,15.3,9.7,8.2,0
01/01/2015,Sokoto,20,35,19,7.5,15.7,18.3,9.4,0
01/02/2015,Sokoto,22,37,19,6.8,18.1,22.2,9.1,0.25
01/03/2015,Sokoto,27,41,47,3.7,19.3,21.6,6.6,0
01/04/2015,Sokoto,26,38,48,4.6,18.2,21.2,8.8,11.1
01/05/2015,Sokoto,25,35,64,7.6,18.4,12.4,8.7,114.1
01/06/2015,Sokoto,23,33,75,6.2,17.5,7.3,8.6,128.9
01/07/2015,Sokoto,23,32,81,8.3,16.1,4.1,7.7,296.5
01/08/2015,Sokoto,23,34,70,7.3,15,2.7,6.8,67.2
01/09/2015,Sokoto,23,39,55,7.5,16.2,4.1,6.7,0
01/10/2015,Sokoto,22,37,27,7.7,17.7,8.5,5.5,8.9
01/11/2015,Sokoto,19,40,20,9.9,16.5,17.6,7.9,0
01/12/2015,Sokoto,17.1,35.5,25,5.9,16.3,17.8,5.3,0
01/01/2016,Sokoto,16.6,31.1,18,8.2,17.3,16,8.7,0
01/02/2016,Sokoto,23.7,38.8,23,9.1,18.4,22.4,9.4,0
01/03/2016,Sokoto,26,41.3,15,6.7,18.8,18,7.1,0
01/04/2016,Sokoto,27.5,42,29,6.8,19.1,18.3,7.7,0
01/05/2016,Sokoto,27.2,38.8,54,7.5,19,12.7,8.6,104.5
01/06/2016,Sokoto,25.2,34.7,65,8.1,17.1,13,9.8,82.5
01/07/2016,Sokoto,23.5,32.9,74,6.9,16,8.3,8.5,146.7
01/08/2016,Sokoto,23.3,31.3,79,7.5,15.3,4.3,6.2,171.1
01/09/2016,Sokoto,23.4,33.5,73,8,17.2,4.9,6.6,124.3
01/10/2016,Sokoto,22.6,36.6,50,8.2,17.7,9.2,5.9,3.5
01/11/2016,Sokoto,20.5,35.1,25,8.3,17.2,12.5,7.8,0
01/12/2016,Sokoto,18.4,35.3,23,6.8,16.5,13.6,6.4,0
01/01/2017,Sokoto,20,36,24,8.7,16.3,11,10.5,0
01/02/2017,Sokoto,21.5,38.3,20,9.1,16.3,13,8.8,0
01/03/2017,Sokoto,23.6,40.2,16,9.4,17.4,14.9,7.3,0
01/04/2017,Sokoto,25.9,42,19,8.7,19.7,15.7,9.9,0
01/05/2017,Sokoto,26.8,39.4,51,7.1,17.7,11.4,9.9,19.4
01/06/2017,Sokoto,26.4,37.1,56,8.4,17.5,9.5,10,40.6
01/07/2017,Sokoto,24.6,34.5,67,9.1,16.1,6.1,7.4,153.7
01/08/2017,Sokoto,22.8,31.1,81,7.7,14.6,3,6.1,314.7
01/09/2017,Sokoto,23,31.9,75,8.6,17.3,3.1,5.4,181.3
01/10/2017,Sokoto,23.3,35.3,61,8.6,16.6,5.1,9.3,29.8
01/11/2017,Sokoto,19.3,32,24,7.9,16.4,9.9,11.4,0
01/12/2017,Sokoto,16.4,32.7,31,9.6,15.3,9.6,7.9,0
01/01/2018,Sokoto,19,36.8,13,1.5,15.3,17.7,11,0
01/02/2018,Sokoto,19.3,36.8,9,8.2,17.5,20.1,8.3,0
01/03/2018,Sokoto,22.2,38.8,13,1.9,18.4,19.7,6.4,0
01/04/2018,Sokoto,27.9,41.5,34,1.9,17.9,21.2,8.7,6.6
01/05/2018,Sokoto,27.6,39.8,41,1.8,18,15.9,9.5,45.6
01/06/2018,Sokoto,25.9,37.1,61,1.9,17.3,13.1,9.9,65.9
01/07/2018,Sokoto,24.2,33.2,76,1.4,14.6,7.6,11.2,183.4
01/08/2018,Sokoto,23,30.7,83,7.5,13.1,3.8,7.3,235.6
01/09/2018,Sokoto,22.2,31.2,72,8.2,14.9,5.1,5.6,99.1
01/10/2018,Sokoto,22.3,35.1,39,9.4,15.6,1.3,7.1,0.25
01/11/2018,Sokoto,28.4,36.8,17,7.9,17.5,17.6,9.1,0
01/12/2018,Sokoto,17.3,33.7,15,8.2,14.5,17.8,10.9,0
01/01/2019,Sokoto,15.3,31.4,20,8.8,16.1,18.3,10.4,0
01/02/2019,Sokoto,16.6,34.9,12,8,17,20.7,7.1,0
01/03/2019,Sokoto,21.3,38.1,13,7.6,19.7,20.6,7.9,0
01/04/2019,Sokoto,25.8,39.7,34,7.8,18.3,17.1,10.2,0.7
01/05/2019,Sokoto,25.1,37.4,50,5.5,17.5,15.2,9.7,41.3
01/06/2019,Sokoto,23.7,35.5,61,7.8,17.5,10.5,8.4,94.7
01/07/2019,Sokoto,21.3,30.7,74,6.3,14.7,8,7.6,152.2
01/08/2019,Sokoto,21.5,30.7,82,6.9,12.9,6.4,7.3,130.2
01/09/2019,Sokoto,21.7,31.5,75,8.8,15.3,6.9,6.4,93.9
01/10/2019,Sokoto,21.2,35.8,39,9.6,17.2,11.4,9.8,1.6
01/11/2019,Sokoto,16.7,34.9,42,8.2,16.7,17.2,6.5,0
01/12/2019,Sokoto,18,34.2,54,8.4,15.6,17.2,6.5,0
01/01/2020,Sokoto,16.3,32.1,12,5.5,14.9,17.2,7,0
01/02/2020,Sokoto,15.4,31.4,23,9.4,16.6,20.1,6.2,0
01/03/2020,Sokoto,19.1,35.4,11,5.3,18.5,20.4,6.6,0
01/04/2020,Sokoto,25.1,39.4,39,6.9,20.4,17.9,6.7,0
01/05/2020,Sokoto,26.3,39.8,49,7.2,19,15.5,6.7,24.8
01/06/2020,Sokoto,23.9,35.2,61,7.5,17.5,12.2,9.3,64.1
01/07/2020,Sokoto,22.4,31.2,72,6.5,15.5,9.5,9.5,114.6
01/08/2020,Sokoto,21.4,29.1,83,6.3,15.2,6.6,5.3,179.9
01/09/2020,Sokoto,21.3,32.2,75,6.7,15.7,5.5,6.1,98
01/10/2020,Sokoto,19.4,36.1,67,8.4,16.8,11.2,4.7,119.9
01/11/2020,Sokoto,16.1,34.6,33,7.7,16.9,16.7,7.9,0
01/12/2020,Sokoto,13.1,30.8,20,8.4,14.9,17.5,5.3,0
01/01/2021,Sokoto,12.8,31.5,20,6.7,16,15.6,9.6,0
01/02/2021,Sokoto,16.2,35,15,9.1,16.7,21.2,7.7,0
01/03/2021,Sokoto,21.3,40.1,23,6.8,19.5,19.9,5.8,0
01/04/2021,Sokoto,26,40.2,34,8.7,19.2,20.5,4.8,0.4
01/05/2021,Sokoto,25.6,39.2,52,9,17.9,15.7,6.7,128.7
01/06/2021,Sokoto,23.7,35,66,7.6,16.2,12.3,8.8,126.1
01/07/2021,Sokoto,23.7,32.1,76,7,16,7.9,9.1,322.8
01/08/2021,Sokoto,22.5,29.6,85,6.7,13.7,5.9,7.1,357.6
01/09/2021,Sokoto,21.3,31.5,77,8.5,16.4,6.6,6.8,88.2
01/10/2021,Sokoto,21.3,35.4,52,9.2,17.8,10.2,3.8,122.9
01/11/2021,Sokoto,20.1,37.4,27,8.8,17.3,11.2,6,0
01/12/2021,Sokoto,16.8,34.5,30,8.5,16.7,16.5,8.2,0
01/01/1991,Ilorin,19.9,33.9,75,8,13.8,7.2,3.5,0
01/02/1991,Ilorin,22.8,35.1,69,7.7,16.7,9.5,5.4,18.8
01/03/1991,Ilorin,23.9,35.8,71,7.2,18.8,8.8,3.9,3.6
01/04/1991,Ilorin,22.8,34.5,72,6.6,17,7.6,3.6,44.4
01/05/1991,Ilorin,21.9,31.1,79,6.6,15.8,4.5,3.5,135.2
01/06/1991,Ilorin,21.7,29.9,81,6.1,15,3.7,3.1,214.7
01/07/1991,Ilorin,20.9,28,85,4.6,11.6,3,3.8,123.9
01/08/1991,Ilorin,21.1,27.9,85,3,12.2,2.5,4,280.1
01/09/1991,Ilorin,21.2,29.5,86,4.3,15.1,2.5,3.1,214.6
01/10/1991,Ilorin,21.8,30.4,82,4.5,15.8,2.9,3.3,197.3
01/11/1991,Ilorin,22.2,32.3,75,6.9,17,5.5,3,2.9
01/12/1991,Ilorin,16.4,32,56,7.4,15.1,8.1,4.3,1.6
01/01/1992,Ilorin,19.2,32.9,56,6.4,14.5,9.5,4.3,0.25
01/02/1992,Ilorin,22.3,35.7,63,6.2,16.8,11.1,4.2,0.25
01/03/1992,Ilorin,22.9,35.1,73,4.7,15.9,8,4.6,117.7
01/04/1992,Ilorin,22.8,33.9,74,6.4,16.4,6.6,4.3,86.3
01/05/1992,Ilorin,22.3,32.2,80,7.5,14.1,4,4.8,265.8
01/06/1992,Ilorin,22.1,30.1,83,5.8,14.8,3.5,4.8,225.8
01/07/1992,Ilorin,20.9,28.3,86,4.3,12.2,3.2,4.3,163.3
01/08/1992,Ilorin,20.8,27.9,87,3.5,11.4,2.7,4.2,76.8
01/09/1992,Ilorin,20.9,29.1,85,3.6,14.1,2.7,3.2,252.9
01/10/1992,Ilorin,22.2,31,82,6.4,14.6,3,3.2,98.3
01/11/1992,Ilorin,19.3,33.3,61,7.9,17,7.9,3.5,0.25
01/12/1992,Ilorin,20.1,33.9,76,7.2,14,6.9,4.2,0
01/01/1993,Ilorin,20.2,33.1,49,8.3,14.9,9.9,3.7,8
01/02/1993,Ilorin,22.1,33.9,58,8.4,17.9,8.8,3.8,28.9
01/03/1993,Ilorin,22.9,35.1,68,7.4,15.6,7.7,4.6,22.2
01/04/1993,Ilorin,22.7,33.2,76,5.7,16.3,6,4.1,141.8
01/05/1993,Ilorin,22.5,30.9,81,7.3,16,3.4,3.9,150.6
01/06/1993,Ilorin,21.9,30.1,82,6,13,3,4.2,127.2
01/07/1993,Ilorin,20.9,28.2,85,3.7,12.3,2.8,4.2,76.7
01/08/1993,Ilorin,20.7,27.9,84,3.6,11.2,2.9,3.7,182.5
01/09/1993,Ilorin,20.6,29.1,86,4.1,13.2,2.1,3.8,247.8
01/10/1993,Ilorin,21.3,30,84,5.6,16.5,2.2,3.6,229.4
01/11/1993,Ilorin,20.3,32.2,70,8.2,16.4,4.9,3.7,0
01/12/1993,Ilorin,20.1,33.3,65,7.7,15.3,6.6,6,0
01/01/1994,Ilorin,17.2,31.1,23,7.4,14.7,13.5,4.3,0
01/02/1994,Ilorin,21.5,35.9,57,8.5,17.5,9.8,4.5,8.6
01/03/1994,Ilorin,22.9,36.1,52,6,16.9,11.6,5,15
01/04/1994,Ilorin,23.6,35.2,74,7.1,17.7,6.3,4.5,92.3
01/05/1994,Ilorin,22.8,32.9,77,6.2,15.8,4.5,6.1,175.1
01/06/1994,Ilorin,21.9,30.3,81,4.9,12.6,3.3,4.1,146.2
01/07/1994,Ilorin,21.1,28.1,84,4.8,12.3,2.9,4.9,91.8
01/08/1994,Ilorin,20.6,28.2,87,4,12.8,2.5,4.6,215.9
01/09/1994,Ilorin,20.8,30.1,84,5.4,15,2.5,4.8,228.3
01/10/1994,Ilorin,21.6,32.2,77,6.2,15.2,4.2,4.6,34
01/11/1994,Ilorin,23.1,34.1,72,7.3,16.4,5.8,3.9,1.7
01/12/1994,Ilorin,21.3,32,76,7.4,14.5,4.4,5.3,148.3
01/01/1995,Ilorin,18.2,33.3,56,7.1,12.9,9,5.3,0
01/02/1995,Ilorin,22.3,35.8,68,6.6,15.5,10.5,5.1,0
01/03/1995,Ilorin,23.9,36.1,73,7.7,18.5,6.6,5.2,83.5
01/04/1995,Ilorin,22.8,33,79,6.9,15.9,5,5.7,88.3
01/05/1995,Ilorin,21.7,31.9,77,6.6,15.2,3.6,5.1,139.9
01/06/1995,Ilorin,21.3,30.1,80,6.4,14.1,3.1,4.3,214.3
01/07/1995,Ilorin,20.9,29.3,83,3.6,12.2,2.6,5.1,267.3
01/08/1995,Ilorin,21.7,30.2,85,4,10.9,2.8,4.9,272.5
01/09/1995,Ilorin,20.8,30.1,83,4.5,11.4,2.5,3.8,158.8
01/10/1995,Ilorin,21.7,31.1,81,6.1,14.4,3.1,3.8,83.3
01/11/1995,Ilorin,21.9,34.2,70,6.6,17.9,5.6,4.7,2.6
01/12/1995,Ilorin,19.2,33.3,58,6.5,15.4,7.6,5.6,0.25
01/01/1996,Ilorin,22.2,33.9,64,7.1,14,7.7,7.5,0.8
01/02/1996,Ilorin,19.6,35.2,43,7.4,17.8,12.7,5.9,0.25
01/03/1996,Ilorin,24.6,35.9,68,6.8,18.4,7.8,4.5,51.3
01/04/1996,Ilorin,23.6,33.1,76,7.3,16.5,4.8,4.9,57.6
01/05/1996,Ilorin,23.5,32.3,77,6.7,16.4,4.7,5.3,175.6
01/06/1996,Ilorin,21.2,29.8,83,6.6,13.8,2.9,5.4,184.9
01/07/1996,Ilorin,21.1,29.1,83,3.6,12.8,2.8,5.4,251.1
01/08/1996,Ilorin,22.2,28.9,86,3.1,11.4,2.7,5.9,89.9
01/09/1996,Ilorin,20.9,30.3,84,4.7,13.7,2.1,3.7,293.1
01/10/1996,Ilorin,20.8,33.2,78,6.8,15.9,4.1,5.4,20.5
01/11/1996,Ilorin,22.1,34.9,75,6.4,17.4,5.7,5.7,8.5
01/12/1996,Ilorin,18.3,33.3,45,7.3,15.7,9.2,5.5,0
01/01/1997,Ilorin,22.2,34.1,65,8,15.7,7.7,5.5,5.5
01/02/1997,Ilorin,22.9,35.3,75,6,17.4,6.6,6.5,90.7
01/03/1997,Ilorin,23.3,34.2,74,6.3,18.2,5.5,5.7,108.4
01/04/1997,Ilorin,23.2,34.3,75,6.6,17.3,4.9,6.5,58.3
01/05/1997,Ilorin,23.3,33.3,76,6.5,16.1,4.2,5.9,97.5
01/06/1997,Ilorin,21.2,30.2,82,5,13.3,3.5,4.4,264
01/07/1997,Ilorin,21.1,28.3,86,3.4,11.8,2.6,5.4,126.9
01/08/1997,Ilorin,21.3,28.2,84,2.6,11.1,2.6,5.7,153.7
01/09/1997,Ilorin,21.1,29.3,85,3.8,12.9,2.3,3.9,195.7
01/10/1997,Ilorin,21,31.2,83,6.2,14.6,2.7,5.5,220.9
01/11/1997,Ilorin,21.2,32.2,75,6.7,17.7,5,5.6,6.8
01/12/1997,Ilorin,17.3,31.9,47,6.8,16,8.5,5.4,0
01/01/1998,Ilorin,19.9,34.1,63,3.1,14.8,8.1,5.4,0
01/02/1998,Ilorin,23.8,36.3,70,6.5,17.5,8,6.1,3.6
01/03/1998,Ilorin,22.7,34.9,66,5.9,16.4,8,5.5,68.4
01/04/1998,Ilorin,24.9,35.3,71,7.2,16.9,7.9,6,19.6
01/05/1998,Ilorin,23.6,35.2,72,7,14.7,6.1,4.9,79.4
01/06/1998,Ilorin,22.8,30.9,79,4.4,13.5,3.4,4.5,183.7
01/07/1998,Ilorin,21.9,30.2,84,3.5,13.1,3.1,4.7,176.3
01/08/1998,Ilorin,21.5,30.1,86,2.5,12.2,2.3,4.4,338.3
01/09/1998,Ilorin,20.6,30,84,5.2,14.6,2.7,4.1,238.6
01/10/1998,Ilorin,21.7,32.2,83,6.2,14.6,3.8,3.9,105.8
01/11/1998,Ilorin,21.2,33.9,73,7.8,18.1,7.5,3.5,0
01/12/1998,Ilorin,19.3,34.1,58,7.3,15.9,8.7,5.6,0
01/01/1999,Ilorin,20.9,33.3,56,5.6,14.7,8.8,5.2,73.3
01/02/1999,Ilorin,22.8,35.1,70,7,17.4,8,4.5,26.2
01/03/1999,Ilorin,23.6,34.9,75,7.1,16.7,6.8,5.1,48.3
01/04/1999,Ilorin,22.7,34.2,75,6.2,17.2,5.6,4.2,103.2
01/05/1999,Ilorin,22.6,32.1,79,6.4,15.5,4.2,4.3,169.1
01/06/1999,Ilorin,22.3,30.3,82,6.6,14.4,3,3.4,196.3
01/07/1999,Ilorin,21.9,29.1,84,5.2,11.8,3.4,3.6,69.2
01/08/1999,Ilorin,20.8,27.9,83,5.3,11.2,3.4,3.3,59.6
01/09/1999,Ilorin,20.6,30.1,83,5.2,12.8,2.9,3.4,107.7
01/10/1999,Ilorin,21.8,32.2,80,5.3,15.6,3.7,3.2,43.1
01/11/1999,Ilorin,22.2,34.3,77,6.5,18.1,6.9,3.1,2.6
01/12/1999,Ilorin,20.3,33.3,59,4.8,14.9,8.4,3.6,0.3
01/01/2000,Ilorin,16.2,33.1,24,4.9,14.8,12.4,5,0
01/02/2000,Ilorin,19.8,35.3,36,5,17.1,13.5,5,0
01/03/2000,Ilorin,22.9,35.1,71,3.1,18.7,7.9,7,46.5
01/04/2000,Ilorin,22.6,33.9,76,5.1,17.1,6.5,8,54.6
01/05/2000,Ilorin,21.9,31.8,77,6.3,15.8,4.3,7,42.7
01/06/2000,Ilorin,21.1,30,83,5,13.8,3.4,6,199.5
01/07/2000,Ilorin,20.9,29.1,81,4.5,12.4,3.3,6,95.8
01/08/2000,Ilorin,20.7,29.3,86,4.5,11.2,2.9,7,119
01/09/2000,Ilorin,20.6,29,86,4.2,12.9,2.8,5,121.3
01/10/2000,Ilorin,21.8,31.1,82,5.8,15.4,3.4,5,115.2
01/11/2000,Ilorin,20.6,35.2,69,7.7,18.3,7.9,3,0
01/12/2000,Ilorin,19.2,33.4,57,5.3,16.5,8,4,0
01/01/2001,Ilorin,22,34,61,5.9,15.5,8.1,7,0
01/02/2001,Ilorin,20.5,35,46,7.8,17.1,11.6,5,5.4
01/03/2001,Ilorin,22.6,37,48,6.5,18.6,13.6,5,0
01/04/2001,Ilorin,22.8,34,76,7.4,17.2,6.6,6,80.1
01/05/2001,Ilorin,21.7,32,82,6.5,16.9,3.9,7,144.8
01/06/2001,Ilorin,21.6,31,86,6.1,15.1,3.5,6,132.4
01/07/2001,Ilorin,21.9,28,87,3.1,12.3,2.5,6,185
01/08/2001,Ilorin,20.6,28,88,3.9,12.5,2.4,7,86.1
01/09/2001,Ilorin,20.8,30,88,3.7,13.1,2.4,5,261.4
01/10/2001,Ilorin,21.6,32,50,6,15.1,3.3,5,61.4
01/11/2001,Ilorin,22.9,35,77,6.9,18.3,5.2,5,16.9
01/12/2001,Ilorin,22.2,33,76,6,16.3,6.1,4,46.6
01/01/2002,Ilorin,20.8,33.6,64,5.1,15.9,8.1,3,3.1
01/02/2002,Ilorin,23.3,35.5,73,8,17.9,7.3,4,19.7
01/03/2002,Ilorin,23.8,34.6,75,6.2,19.9,6.4,6,92.1
01/04/2002,Ilorin,22.6,32.3,77,6.8,18.2,4.7,7,128
01/05/2002,Ilorin,22.3,30.8,82,7.9,15.7,2.7,6,355.7
01/06/2002,Ilorin,22,31.1,83,6.6,14.7,3.1,5,119
01/07/2002,Ilorin,21.4,28.8,86,4.8,11.6,2.3,5,325.9
01/08/2002,Ilorin,21.3,27.9,87,4.3,11.2,2.4,4,138.8
01/09/2002,Ilorin,21.5,30.1,86,4.9,12.6,2.5,5,112.7
01/10/2002,Ilorin,21.1,30.3,83,6.4,18.2,1.1,4,172.9
01/11/2002,Ilorin,21.5,33.2,75,5.2,19,5.6,4,0.5
01/12/2002,Ilorin,19.1,32.9,55,8.1,16.7,8.7,3,0
01/01/2003,Ilorin,17.7,32.5,42,6.1,17.9,12.4,4,0
01/02/2003,Ilorin,20.5,36.1,45,5.7,18,13.8,3,0
01/03/2003,Ilorin,23.9,36.5,68,7.7,16.5,9.1,6,0
01/04/2003,Ilorin,23.5,35,69,7.3,16.9,6.6,6,41.5
01/05/2003,Ilorin,22.8,32.1,78,7.4,15.6,4.3,7,140.4
01/06/2003,Ilorin,21.6,29.9,78,7,12.9,3.5,5,72.5
01/07/2003,Ilorin,21.6,28.9,83,4,11.9,3,6,116.3
01/08/2003,Ilorin,21.3,27.7,83,2.4,13.3,3.1,5,49.2
01/09/2003,Ilorin,21,28.2,85,4.5,15.1,2.5,4,289.7
01/10/2003,Ilorin,20.9,30.9,81,6.3,17.5,3,4,166.4
01/11/2003,Ilorin,20.2,31.8,63,7.7,18.2,5.7,4,55.6
01/12/2003,Ilorin,18.7,33.8,61,7.3,14.5,7.3,3,0
01/01/2004,Ilorin,18.2,32.8,43,6.5,17.2,11.3,5,0
01/02/2004,Ilorin,21.3,35.7,60,5.3,17.8,10.4,5,3.6
01/03/2004,Ilorin,22.3,34.9,65,6.7,17.1,7.9,6,52
01/04/2004,Ilorin,23.5,34.2,70,7.2,16.2,6.5,7,27.8
01/05/2004,Ilorin,23,32.2,79,7.1,14.1,4,5,141.4
01/06/2004,Ilorin,21.9,27.6,82,6.6,13.9,2.9,6,130.6
01/07/2004,Ilorin,21.3,28.8,86,5.1,12.3,2.8,6,146.5
01/08/2004,Ilorin,21.1,28.5,85,3.2,12.7,2.3,5,193.5
01/09/2004,Ilorin,20.8,29.3,86,3.9,16.6,2.2,5,234.8
01/10/2004,Ilorin,21.3,31.2,82,7.2,17.4,2.7,5,202.3
01/11/2004,Ilorin,18,32.2,60,7.8,16.4,4.4,3,25.4
01/12/2004,Ilorin,19.4,33.3,54,8.4,15.4,7.3,3,0
01/01/2005,Ilorin,20.1,33.1,57,6.5,17.1,7.6,3,39.3
01/02/2005,Ilorin,22,36.5,63,7.8,18.4,8.9,4,0
01/03/2005,Ilorin,23.8,36.3,69,7.2,18.1,7.5,6,19.8
01/04/2005,Ilorin,23.3,33.3,77,6.9,15.2,5,6,223
01/05/2005,Ilorin,22.2,31.5,79,7.8,16.1,3.3,8,156
01/06/2005,Ilorin,21.8,30.2,81,6,14.9,3.2,6,131.2
01/07/2005,Ilorin,21.8,28.2,84,5.5,10.6,2.5,5,89.6
01/08/2005,Ilorin,21.5,28.2,82,3.9,12.6,2.6,5,87
01/09/2005,Ilorin,21.8,29.6,83,4.4,14.5,2.5,4,260.6
01/10/2005,Ilorin,21.3,30.3,83,7.2,14.7,2.4,4,235.5
01/11/2005,Ilorin,19.4,33.1,63,8.2,18.6,6.7,4,0
01/12/2005,Ilorin,16.2,32.8,39,8.3,16.2,9.7,3,0
01/01/2006,Ilorin,17.7,33.5,37,6.8,15.9,10.6,4,0
01/02/2006,Ilorin,20.7,35.8,45,7.4,16.9,11,4,2.1
01/03/2006,Ilorin,23.2,35.5,72,6.7,17.2,7.3,6,33.3
01/04/2006,Ilorin,22.8,34.4,73,7.4,18.3,5.7,7,122
01/05/2006,Ilorin,22.7,31.5,81,6,15.3,3.5,6,209.6
01/06/2006,Ilorin,22.1,30.5,84,6.9,14.4,2.9,5,171.3
01/07/2006,Ilorin,21.7,28.7,85,4,12.7,2.4,7,218.7
01/08/2006,Ilorin,22.1,28.6,87,2.7,10.8,2.2,7,232.1
01/09/2006,Ilorin,21.8,29.5,85,5.1,13.5,2.4,4,188.5
01/10/2006,Ilorin,21.9,30.9,82,4.5,15.8,2.9,3,154.6
01/11/2006,Ilorin,19.1,32.4,84,7.6,15.8,5.6,3,46.8
01/12/2006,Ilorin,20.4,33.4,70,5.7,14.7,5.1,2,30.2
01/01/2007,Ilorin,21.2,34.5,76,3.7,16,7.2,3,0
01/02/2007,Ilorin,23.2,36,66,7.3,17.3,8.2,4,0.9
01/03/2007,Ilorin,23.4,35.8,69,4.4,16.8,7.3,5,61.4
01/04/2007,Ilorin,23.4,34.2,69,6.3,17.6,5.9,6,25.8
01/05/2007,Ilorin,22.2,31.9,77,6.5,15.1,4.3,5,143.2
01/06/2007,Ilorin,22.1,30.9,79,6.4,12.6,4.2,4,152.8
01/07/2007,Ilorin,21.7,29.3,80,4.3,10.7,3.1,5,104.2
01/08/2007,Ilorin,21.5,28.7,85,2.9,11,2.7,5,131.4
01/09/2007,Ilorin,21.5,29,85,4.1,14.5,2.4,5,262.7
01/10/2007,Ilorin,21.5,31,79,6.4,13.6,3.4,2,62.9
01/11/2007,Ilorin,16.6,33.3,56,7.1,17.3,8,2,0
01/12/2007,Ilorin,19.8,33.9,73,7.8,15.1,7.2,1,0
01/01/2008,Ilorin,20.1,33.1,64,6.1,14.6,8,2,0
01/02/2008,Ilorin,19.1,34.3,30,7.5,18.4,12.8,3,0
01/03/2008,Ilorin,23.1,36.1,61,7.3,18.1,8.1,3,50.7
01/04/2008,Ilorin,22.4,33.9,77,7,17.9,4.8,2,179.5
01/05/2008,Ilorin,22.5,32.2,80,6.8,14.7,3.2,3,216.9
01/06/2008,Ilorin,21.7,30.2,85,5.8,14.3,2.7,2,229.5
01/07/2008,Ilorin,21.3,28.4,83,4,11.9,3,3,102.9
01/08/2008,Ilorin,21.9,28,84,4.1,12,2.7,2,86
01/09/2008,Ilorin,21,29.3,84,5.1,14.8,2.6,2,334.8
01/10/2008,Ilorin,22,30.5,79,6.7,17.9,2.8,2,121.7
01/11/2008,Ilorin,22,32.8,78,8,16.8,4.5,2,0.8
01/12/2008,Ilorin,20.6,33.6,65,6.9,16.1,7,3.2,11.6
01/01/2009,Ilorin,18.9,34.1,43,5.4,14.8,10.1,4,0
01/02/2009,Ilorin,22.4,35.3,50,5.9,18.3,10.4,4,0.3
01/03/2009,Ilorin,24.1,34.2,54,8,16.4,10.2,4,19
01/04/2009,Ilorin,25,34.3,70,7,17.6,6.7,3,107.4
01/05/2009,Ilorin,25,32.4,80,7,15.3,3.5,5,169.2
01/06/2009,Ilorin,21.9,31.1,79,6.6,14.1,2.8,4,241.6
01/07/2009,Ilorin,22,28.7,86,4,12.8,2.4,3,209
01/08/2009,Ilorin,21.1,28.1,84,3.6,11.4,2.1,3,334.6
01/09/2009,Ilorin,21,30,83,4.9,13,2.6,3.2,338.1
01/10/2009,Ilorin,21.9,31.2,82,5.9,17.5,2.8,2.6,176.3
01/11/2009,Ilorin,21.7,35,72,8.4,16.4,6.6,2.6,0
01/12/2009,Ilorin,19.5,34.5,60,7.7,16.1,8.3,3.4,0
01/01/2010,Ilorin,21.3,33.5,62,6.3,14.2,8.2,3,0
01/02/2010,Ilorin,21.1,33.9,65,7.9,17.7,8.4,3,15.1
01/03/2010,Ilorin,23,35.1,73,7.4,17.7,5.5,3,68
01/04/2010,Ilorin,22.8,33.2,77,4.7,17,6.3,3,118.3
01/05/2010,Ilorin,21.9,30.9,82,7.1,14.3,4.5,4,171.3
01/06/2010,Ilorin,21.7,30.1,83,6.4,11.8,3.3,5,296.2
01/07/2010,Ilorin,20.7,29.3,86,4.2,11.9,2.9,3,179.4
01/08/2010,Ilorin,18.3,29,87,2.7,10.5,3.1,3,138.1
01/09/2010,Ilorin,17.7,28.9,86,5.6,13.9,2.3,3,268.9
01/10/2010,Ilorin,21.1,30.8,85,5.9,16.6,2.5,3,248.3
01/11/2010,Ilorin,21.6,33.8,78,7.9,17.2,5.6,3,35.7
01/12/2010,Ilorin,18.3,34.1,58,8.4,18.1,8.9,3.1,0
01/01/2011,Ilorin,21.7,34.4,65,8.3,14.9,7.9,4,34.8
01/02/2011,Ilorin,22.4,34.7,35,8.4,17.2,12.8,4,0
01/03/2011,Ilorin,25.3,36.9,61,7.4,18.2,10.4,4,19.6
01/04/2011,Ilorin,26.2,34.4,73,6.5,15.5,6.1,3,45.9
01/05/2011,Ilorin,25.9,33,76,5.9,15.1,5.5,2,105.6
01/06/2011,Ilorin,21.3,30.6,84,6.1,15.1,2.9,3,194.2
01/07/2011,Ilorin,21.6,29.7,82,4.9,13.3,3.1,4,81
01/08/2011,Ilorin,21.5,28.6,89,2.9,15.3,2.3,4,185
01/09/2011,Ilorin,21.7,30,87,5.5,14.2,2.5,4,281.7
01/10/2011,Ilorin,21.6,30.9,83,5.8,15.7,3.2,4,42.5
01/11/2011,Ilorin,18.8,35,72,7.7,14.9,6.7,3,0
01/12/2011,Ilorin,18.9,34.4,55,8.3,13.9,8.8,3.3,0
01/01/2012,Ilorin,18.4,34.2,50,6.5,14.1,3.5,4.2,0
01/02/2012,Ilorin,20.5,35.9,50,7.2,15.1,11.6,4.6,0
01/03/2012,Ilorin,23.7,37.2,70,7.9,15.3,8.7,5.1,13.8
01/04/2012,Ilorin,23,35.5,72,7.4,15.7,7.4,3.3,53.3
01/05/2012,Ilorin,22.9,33.2,77,5.4,15.8,4.5,5,145.1
01/06/2012,Ilorin,21.9,31,83,6.6,13,3.7,4.6,137.3
01/07/2012,Ilorin,21.8,29.7,86,4.8,11.8,3.2,4,85.1
01/08/2012,Ilorin,21.4,28.4,88,3.3,13.2,2.9,5,57
01/09/2012,Ilorin,20.9,29.7,87,4.8,14.3,2.8,4,173.6
01/10/2012,Ilorin,21.6,32.7,80,6.1,16.5,4.2,4,31.9
01/11/2012,Ilorin,22.4,35.5,70,8.6,18,7.3,3,0
01/12/2012,Ilorin,21.1,35.2,67,8.2,14.4,8.1,3.2,0
01/01/2013,Ilorin,18.1,32.3,39,6.3,15.1,10.8,8,7.2
01/02/2013,Ilorin,21.9,36.5,57,8.1,18.2,10.8,6,0
01/03/2013,Ilorin,24.6,36.7,70,7.8,16.9,7.9,6,28.4
01/04/2013,Ilorin,23.8,34,75,4.9,17.2,3.5,6,106.7
01/05/2013,Ilorin,23.5,33.5,74,6.5,16.2,5.5,5,45.8
01/06/2013,Ilorin,22.3,31.7,79,7,13.5,4.3,4.2,96.8
01/07/2013,Ilorin,22.3,29.5,86,5.2,11,2.7,5,160
01/08/2013,Ilorin,21.7,28.5,88,4.6,11.8,2.6,4,257.9
01/09/2013,Ilorin,21.8,29.8,84,5.2,12.6,2.8,3,93.3
01/10/2013,Ilorin,21.4,31.6,79,5.9,14.4,3.3,3,100.3
01/11/2013,Ilorin,21.4,34.1,76,7.9,16.2,6.4,3,5.9
01/12/2013,Ilorin,19,34,50,8.5,14.6,9.6,3.4,0
01/01/2014,Ilorin,20.9,34.8,61,6.9,14.3,8,5,0.25
01/02/2014,Ilorin,23.7,36.6,71,7.1,16.9,8.4,6,0.25
01/03/2014,Ilorin,24.2,37.1,64,6.9,17.2,9.5,7,25.3
01/04/2014,Ilorin,23.6,33.8,74,6.6,18.3,5.5,8,81.5
01/05/2014,Ilorin,23.6,33.1,75,6.6,17.5,5,6,98
01/06/2014,Ilorin,21.9,30.2,84,6.6,13.3,2.8,6,370.8
01/07/2014,Ilorin,21.5,29,85,4.3,12.8,2.8,2,94.2
01/08/2014,Ilorin,21.9,29,86,2.9,12.5,3,3,80.7
01/09/2014,Ilorin,21.3,29.3,86,4.1,14.5,2.1,2,105.2
01/10/2014,Ilorin,22,31.2,83,6.3,16.5,4.1,2,169.7
01/11/2014,Ilorin,21.2,32.2,75,7.7,17.1,5.7,1,8.1
01/12/2014,Ilorin,19.2,31.9,55,7.3,14.9,9.2,3,0
01/01/2015,Ilorin,20.1,36,58,7.2,12.3,8.8,2,0.25
01/02/2015,Ilorin,22.7,35.9,58,8.2,16,10,3.3,45.1
01/03/2015,Ilorin,23.7,36.6,62,6.7,16.7,9.4,3.4,77.5
01/04/2015,Ilorin,22.8,32,73,6.4,16.1,6.3,6.3,210.3
01/05/2015,Ilorin,22.7,30,81,6.7,16,3.9,5,310.4
01/06/2015,Ilorin,21.8,30,83,6.1,13.5,3.3,5.3,192.7
01/07/2015,Ilorin,21.5,29,86,2.6,10.1,2.6,5.6,156.8
01/08/2015,Ilorin,21.6,30,86,3.9,8.9,2.7,4.9,187.9
01/09/2015,Ilorin,21.7,31,86,3.7,13.7,2.6,4.4,104.1
01/10/2015,Ilorin,21.9,31.1,84,6.6,17.1,2.9,4,9.2
01/11/2015,Ilorin,21.9,34,76,8.3,18,5.2,4.4,0
01/12/2015,Ilorin,21.3,31.6,75,8.6,13.5,7,5.1,0
01/01/2016,Ilorin,19,34,42,8.2,10,11.1,3.6,0
01/02/2016,Ilorin,24,37,70,7.9,16,8.9,6.2,8
01/03/2016,Ilorin,24,36,71,7.1,17.8,7.4,6.2,60.1
01/04/2016,Ilorin,25,35,75,7.1,17.3,6.3,6.5,108.8
01/05/2016,Ilorin,23,31,81,6.9,15.3,3.4,4.5,255.7
01/06/2016,Ilorin,23,30,85,5.7,14.4,2.9,5.2,211.5
01/07/2016,Ilorin,22,29,86,4.7,12.7,2.6,5.6,133.8
01/08/2016,Ilorin,21,28,84,4,10.8,2.9,5.7,63.8
01/09/2016,Ilorin,22,30,88,3.9,12.2,2.4,4.1,271.5
01/10/2016,Ilorin,22,31,84,6.5,17,2.9,4.2,179.8
01/11/2016,Ilorin,21,34,73,6.6,17.7,6.9,3,1
01/12/2016,Ilorin,21,34,71,8.1,15.1,6.6,1.3,11.9
01/01/2017,Ilorin,23.2,33.1,80,7.8,14.1,5,3.8,0.6
01/02/2017,Ilorin,24.1,36.2,72,7.7,17,7.6,3.3,10
01/03/2017,Ilorin,23.4,34.4,74,6.5,18.9,6.1,6.2,79.4
01/04/2017,Ilorin,23.9,35.7,74,6.2,16.8,6.3,6.2,97.5
01/05/2017,Ilorin,22.2,31.2,82,5.7,15.9,3.4,5,192.4
01/06/2017,Ilorin,21.8,30.6,83,6.4,14.3,2.9,6,129.7
01/07/2017,Ilorin,21.7,29.4,86,4.3,11.8,2.7,6.1,195.4
01/08/2017,Ilorin,21.4,27.6,87,6.1,12.6,2.4,6.5,86
01/09/2017,Ilorin,21.6,29.7,87,5.6,16.4,2.5,2.9,262.1
01/10/2017,Ilorin,21.8,31.5,83,7.6,17.3,2.9,3.6,250.7
01/11/2017,Ilorin,18.4,33.6,55,7.6,17.4,7.9,2.7,0.25
01/12/2017,Ilorin,16.5,33.8,56,8,14.7,9.7,2.3,0
01/01/2018,Ilorin,20,34.4,69,6.9,14.5,7.8,3.2,0
01/02/2018,Ilorin,20.5,36.7,47,8.1,16.2,9.7,4.4,0
01/03/2018,Ilorin,23.3,35.2,57,8.1,16.1,7.2,6,31.6
01/04/2018,Ilorin,23.3,32.7,74,7.1,16.9,6,6.8,98.9
01/05/2018,Ilorin,22.2,32.6,78,7.1,14.5,3.3,6.1,285.2
01/06/2018,Ilorin,20.8,31.7,81,6.5,15.3,2.7,4.8,158.2
01/07/2018,Ilorin,21.1,29.8,85,4,12.3,1.7,4.9,158.2
01/08/2018,Ilorin,20.2,29.6,82,3.1,11,1.7,5.5,199.3
01/09/2018,Ilorin,20.8,30.1,85,4.3,17.4,1.9,3.3,134.1
01/10/2018,Ilorin,21,31.5,76,5.7,16,2.6,3.8,142.7
01/11/2018,Ilorin,19,33.6,68,6.9,17.3,4.6,3.5,152.9
01/12/2018,Ilorin,17,34.6,58,6.7,14.5,6.7,2.7,0.3
01/01/2019,Ilorin,18.1,35,51,7.7,14.3,8.7,2.3,0
01/02/2019,Ilorin,21.3,36.6,53,7.7,17.8,8.5,2.5,0
01/03/2019,Ilorin,22.8,36.1,67,8,15,6.8,5.7,20.5
01/04/2019,Ilorin,22.9,34.4,71,6.7,16.4,4.3,5.1,106.1
01/05/2019,Ilorin,22.6,32.2,80,7,15.3,3.6,4.4,42.3
01/06/2019,Ilorin,21.4,30.5,80,6.5,13.4,3.2,5.5,241.1
01/07/2019,Ilorin,20.9,29.4,85,5.1,12.7,2.4,5.7,318.6
01/08/2019,Ilorin,20.8,28.3,84,3.8,10.4,2.8,6.4,226.3
01/09/2019,Ilorin,20.4,28.9,86,5.1,15.8,2.2,4.5,272.3
01/10/2019,Ilorin,20.6,31.1,82,6.5,16.7,2.3,3.1,224.5
01/11/2019,Ilorin,19.4,31.6,80,7.5,16.9,4.9,2.7,4.8
01/12/2019,Ilorin,17.3,33.3,72,7.7,15.6,4,3.5,14
01/01/2020,Ilorin,18.1,32.7,77,6.9,14.4,9.9,2.4,11.1
01/02/2020,Ilorin,22,34.4,73,7.9,17.6,11.5,2.9,1.2
01/03/2020,Ilorin,22.8,35.5,69,7.9,17.5,12.4,6.5,17.9
01/04/2020,Ilorin,22.8,33.3,74,7.2,17.4,8.9,5.9,223.9
01/05/2020,Ilorin,22.4,31.2,80,6.9,16.9,4.2,4.6,76
01/06/2020,Ilorin,21.5,31.2,84,7,14.5,3,4.9,177.2
01/07/2020,Ilorin,21.7,29.6,84,5.5,12.7,1.9,6.7,313.4
01/08/2020,Ilorin,21.2,28.3,86,3.7,13.5,1.9,6.6,209.1
01/09/2020,Ilorin,21.2,30,85,4.5,18,2.6,5.5,185.7
01/10/2020,Ilorin,21.5,31.1,82,6.4,17,5,4.5,122.8
01/11/2020,Ilorin,17.6,33.9,67,7.7,16.7,10,3.9,4.4
01/12/2020,Ilorin,19.1,33.9,76,7.8,14.9,11.7,3.4,0
01/01/2021,Ilorin,19.6,33.7,65,6.4,13.5,7.6,3.8,8.2
01/02/2021,Ilorin,23.5,35.7,62,7.6,18.3,8.1,4.8,0
01/03/2021,Ilorin,23.5,36.1,68,6.9,16.4,6.2,5.4,90.9
01/04/2021,Ilorin,23.3,34.8,74,6.7,17.6,4.3,6.5,61.4
01/05/2021,Ilorin,22.6,32.8,82,8.1,16.1,3.2,6.2,110.3
01/06/2021,Ilorin,21.6,31.6,83,6.6,15.4,2.5,6,144.7
01/07/2021,Ilorin,21.7,29.6,85,3.3,12.3,2,6.8,165.8
01/08/2021,Ilorin,21.6,28.9,83,3.5,10.8,1.7,7,196.2
01/09/2021,Ilorin,21.7,29.7,86,3.9,14.2,1.6,5.6,238.1
01/10/2021,Ilorin,21.3,32,86,6.4,15.6,2.1,4.8,160
01/11/2021,Ilorin,17.8,34.6,79,7.8,16.4,4,5.1,17.5
01/12/2021,Ilorin,20.4,34,71,6.6,16.2,5.4,3.5,0
01/01/1991,Enugu,21.1,33.9,50,7.6,12.7,7.2,4,0
01/02/1991,Enugu,23.9,34.7,70,6.8,14.8,7.1,4,24.2
01/03/1991,Enugu,23.7,33.5,71,6.7,17.2,6.6,6,56.7
01/04/1991,Enugu,23.8,34.2,76,5.1,13.6,5.2,6,76
01/05/1991,Enugu,22.9,32.1,78,6.8,13.1,3,5,314.1
01/06/1991,Enugu,22.7,31.4,82,5.6,12.1,2.9,5,228.7
01/07/1991,Enugu,22.2,29.9,80,3.4,9.9,2.4,5,228.6
01/08/1991,Enugu,22.1,29.7,81,3.8,10.3,2.3,5,316.7
01/09/1991,Enugu,21.9,29.6,85,3.8,11.7,2.6,4,594.6
01/10/1991,Enugu,21.8,29.8,79,5.7,13.9,2.4,4,176.8
01/11/1991,Enugu,21.7,31.6,65,7.9,13.5,3.6,4,74.4
01/12/1991,Enugu,20.3,31.8,69,8.1,12,7.3,4,0
01/01/1992,Enugu,19.4,32.2,59,7.8,14.4,8.8,6,4.3
01/02/1992,Enugu,22.1,35.4,73,6.1,14.4,9,5,1.6
01/03/1992,Enugu,23.9,34.9,76,5.2,14.5,7,6,30.9
01/04/1992,Enugu,23.1,34.6,70,6.1,13.2,6,7,85.8
01/05/1992,Enugu,22.2,30.9,79,6.3,12.4,4.1,5,194.6
01/06/1992,Enugu,22.9,30.5,82,5.4,12.8,2.9,6,219.2
01/07/1992,Enugu,21.8,29.1,82,4.4,10.3,2.3,5,270.6
01/08/1992,Enugu,21.9,29.4,87,2.9,10.3,2.4,5,185.7
01/09/1992,Enugu,22.2,30.2,81,4.7,12,2.3,6,395.9
01/10/1992,Enugu,21.9,31.3,81,4.7,12.5,2.6,48,315.6
01/11/1992,Enugu,20.3,32.1,78,6.3,14.6,6.1,0,0
01/12/1992,Enugu,20.3,34.2,49,7.2,13.2,5.1,0,0
01/01/1993,Enugu,22.2,34.2,47,6.9,13.4,6.9,5,27
01/02/1993,Enugu,22.9,34.3,62,5.2,16.4,8.2,6,57.3
01/03/1993,Enugu,23.7,33.9,69,5.5,12.5,6.1,5.8,49.3
01/04/1993,Enugu,23.6,34.2,74,5.9,13.3,5,6,115.8
01/05/1993,Enugu,23.1,31.9,81,5.4,13.5,3.1,4.7,315.5
01/06/1993,Enugu,23.2,29.8,82,5.6,11.1,2.7,5,216.2
01/07/1993,Enugu,22.2,29.6,84,3.2,9.6,2.4,6,265.3
01/08/1993,Enugu,22.9,29.7,84,3.5,8.9,2.8,7,92.3
01/09/1993,Enugu,21.8,28.9,84,4.4,11.8,2.3,5,218.1
01/10/1993,Enugu,21.9,31.2,82,4.6,12.9,2.6,5,209.8
01/11/1993,Enugu,21.7,32.3,61,6.6,14.8,4.8,5,0
01/12/1993,Enugu,20.3,33.3,69,6.6,14.8,5.2,5,0
01/01/1994,Enugu,19.2,32.2,63,5.5,13.2,14.4,11,0
01/02/1994,Enugu,23.1,35.8,59,6.9,16.4,9.7,7,0
01/03/1994,Enugu,23.8,36.5,68,5.7,14.7,10.7,6,4
01/04/1994,Enugu,25.5,36.7,73,6.5,13.1,7.8,8,3.3
01/05/1994,Enugu,23.6,30.3,80,5.7,12.9,4.2,7,186
01/06/1994,Enugu,22.8,30.2,82,5.7,12.3,2.9,7,101.1
01/07/1994,Enugu,21.9,29.4,84,3.4,10.2,7.7,7,251.4
01/08/1994,Enugu,21.7,29.8,80,3.2,9.6,2.4,7,92.2
01/09/1994,Enugu,22.6,31.5,84,3.9,13,2.3,6,248.2
01/10/1994,Enugu,22.8,33.7,83,5.8,13.5,3.1,5,24.2
01/11/1994,Enugu,23.1,33.2,64,6.7,13.2,4.1,5,0
01/12/1994,Enugu,22.1,32.9,69,7.9,13.4,5.5,5,2.7
01/01/1995,Enugu,20.1,34.4,18,6.5,12.3,9.7,6,0
01/02/1995,Enugu,23.9,35.9,56,5.4,14.3,8.9,6,0
01/03/1995,Enugu,24.8,34.8,57,6.2,14.3,7,8,16.1
01/04/1995,Enugu,23.7,32.7,65,6.7,13.7,5,7,137.9
01/05/1995,Enugu,22.9,31.9,77,5.7,13.8,3.9,5,130.6
01/06/1995,Enugu,21.9,31,81,4.9,12.7,3.1,6,350.5
01/07/1995,Enugu,21.7,29.5,83,3.7,10.1,2.6,5,305.6
01/08/1995,Enugu,21.8,29.8,83,2.5,8.1,2.5,6,385.8
01/09/1995,Enugu,21.1,29.9,82,3,10.4,2.6,5,309.5
01/10/1995,Enugu,22.3,30.6,77,5.1,12.9,2.8,5,122.5
01/11/1995,Enugu,22.1,31.8,71,6.5,15.8,3.9,4,20.9
01/12/1995,Enugu,20.2,32.2,66,7.1,14.4,7.6,6,0
01/01/1996,Enugu,23.1,34.2,51,4.4,13.3,5.8,5,16.6
01/02/1996,Enugu,21.3,35.4,62,6.8,15.5,11.3,5,0
01/03/1996,Enugu,23.9,34.2,67,4.9,13,6.4,6,206.1
01/04/1996,Enugu,23.5,32.1,73,6.4,13.3,3.9,6,127.8
01/05/1996,Enugu,22.7,32.3,78,5.8,13.5,3.5,7,291.7
01/06/1996,Enugu,22.9,30.3,80,4,12.8,2.8,6,202.8
01/07/1996,Enugu,21.7,30.2,83,3.6,8.9,2.2,5,193.5
01/08/1996,Enugu,21.6,29.6,83,2.6,8.7,2.2,5,462.6
01/09/1996,Enugu,21.5,29.9,82,4.3,12.5,2.3,4,259.4
01/10/1996,Enugu,22.2,31.2,79,5.2,13.4,2.9,5,157.8
01/11/1996,Enugu,23.1,33.3,71,6.8,16,3.5,4,12.6
01/12/1996,Enugu,20.3,32.4,53,7.1,13.7,7.8,6,0.25
01/01/1997,Enugu,22.2,34.4,73,4.9,13.2,7,5,2.1
01/02/1997,Enugu,23.9,35.8,53,6,12.6,6.5,6,9.8
01/03/1997,Enugu,23.7,33.2,71,4.8,12.3,5.5,7,127.1
01/04/1997,Enugu,23.8,34.3,78,5.2,13.4,4.8,7,97.8
01/05/1997,Enugu,22.6,32.1,78,6.2,14.8,3.4,6,238.9
01/06/1997,Enugu,22.8,31.4,81,6.3,11.7,3,6,141.9
01/07/1997,Enugu,21.8,29.4,83,5.4,9.2,2.6,7,270.4
01/08/1997,Enugu,21.8,29.2,84,4.8,8.6,2.7,7,198.8
01/09/1997,Enugu,21.9,29.9,83,4.4,10.8,2.6,6,206.3
01/10/1997,Enugu,22.6,30.9,79,5.5,13.7,2.8,6,101.6
01/11/1997,Enugu,22.1,32.1,79,6.4,16.4,3.6,5,55.9
01/12/1997,Enugu,19.3,32.3,49,6.2,14.3,8.3,7,0
01/01/1998,Enugu,21.3,34.4,56,5.6,12.8,7.7,6,0
01/02/1998,Enugu,23.4,34.9,72,4.9,15.3,6.3,6,0
01/03/1998,Enugu,23.6,35.2,67,5.2,11.7,6.4,7,33
01/04/1998,Enugu,24.6,35.4,73,5.6,11.6,5.6,7,148.7
01/05/1998,Enugu,23.7,33.9,76,6.1,13.6,4.7,8,173.6
01/06/1998,Enugu,22.6,30.8,80,4.8,12.5,3.1,6,200.5
01/07/1998,Enugu,22.9,31.2,81,4,10.8,2.8,6,245.1
01/08/1998,Enugu,22.7,29.9,84,4.6,9.5,2.2,6,292.3
01/09/1998,Enugu,22.5,31.2,83,4.5,12.5,2.4,5,222.7
01/10/1998,Enugu,22.6,32.1,78,6,13.7,2.7,5,135.7
01/11/1998,Enugu,23.1,34.4,71,6.8,14.7,4.8,5,0
01/12/1998,Enugu,20.2,34.2,63,5.3,13.8,7,6,0
01/01/1999,Enugu,22.3,34.2,52,5.8,12.7,8,6,7.1
01/02/1999,Enugu,24.9,36.9,67,6.2,14.2,7.8,6,0
01/03/1999,Enugu,24.7,35.2,72,5.5,13.7,5.8,8,46.4
01/04/1999,Enugu,24.6,34.3,72,6.5,12.7,4.9,8,95.3
01/05/1999,Enugu,22.5,32.4,79,6.3,13.3,3.4,6,154.9
01/06/1999,Enugu,22.7,30.8,79,5.4,12.8,2.7,6,220.3
01/07/1999,Enugu,21.9,29.9,81,2.7,10.4,2.3,6,219.3
01/08/1999,Enugu,22.7,29.7,81,3.9,9.7,2.7,7,226.4
01/09/1999,Enugu,21.6,30.3,84,4.3,11,2.1,6,285.2
01/10/1999,Enugu,21.9,31.1,82,5.9,13.5,2.4,5,206.1
01/11/1999,Enugu,22.1,33.2,75,7.1,15.1,3.7,46,0
01/12/1999,Enugu,21.2,32.4,60,5.5,13.1,5.2,6,0
01/01/2000,Enugu,17.2,33.3,26,5.7,12.2,11,9,0
01/02/2000,Enugu,21.3,35.2,39,4.9,12.8,11.7,8,0
01/03/2000,Enugu,24.6,35.9,67,5.4,13.3,7,8,4.4
01/04/2000,Enugu,23.5,33.8,72,6.1,12.9,5.7,8,167.9
01/05/2000,Enugu,22.6,31.1,79,6.2,13.3,2.8,6,278.7
01/06/2000,Enugu,22.7,31.4,82,5.1,12.4,2.5,5,182.6
01/07/2000,Enugu,21.9,29.9,84,5.3,10.6,2.1,4,162.2
01/08/2000,Enugu,21.5,29.4,87,4.3,11.4,1.7,5,413.4
01/09/2000,Enugu,21.6,29.8,83,4.7,11.6,2.2,5,217.4
01/10/2000,Enugu,21.7,30.5,82,6.1,12,2.4,5,217.1
01/11/2000,Enugu,22.2,33.3,74,7.6,13.8,4.1,4,0
01/12/2000,Enugu,19.3,33.2,56,7.6,14.9,6.7,5,0
01/01/2001,Enugu,22.7,33.9,66,4,12.8,6.4,5.4,0.5
01/02/2001,Enugu,22.2,35.3,50,6.9,14.4,9.9,6.8,0.5
01/03/2001,Enugu,24.2,37.5,53,5.2,14.7,10.9,6.2,0
01/04/2001,Enugu,24.2,34.4,73,6.2,13.5,5.3,7.5,181.5
01/05/2001,Enugu,23.7,32.1,78,6.2,13.2,3.5,6.7,89.7
01/06/2001,Enugu,22.5,30.7,81,5.3,12.4,2.6,6.7,279.4
01/07/2001,Enugu,22.5,29,86,3.5,10.2,2.4,6.1,508.3
01/08/2001,Enugu,22.8,29.3,83,2.9,9.6,1.8,6.1,359.1
01/09/2001,Enugu,22.6,29.8,84,3.8,12.4,1.9,6.1,317.5
01/10/2001,Enugu,22.7,30.7,81,5.7,13.1,2.5,5.5,318.8
01/11/2001,Enugu,23.6,32.2,76,8.5,14.3,3.3,4.5,2.3
01/12/2001,Enugu,23.1,32.1,75,5.1,13.6,3.9,4.5,25.8
01/01/2002,Enugu,21.4,33.5,55,8,13.7,7.2,6.1,0
01/02/2002,Enugu,25,35.3,71,6.9,14.8,6.4,6.7,37.6
01/03/2002,Enugu,25.2,34.5,73,6.2,13.6,5.5,6.9,63.4
01/04/2002,Enugu,23.9,32,80,6.8,13.6,3.1,6.1,197.1
01/05/2002,Enugu,23.9,31.2,83,5.8,13.5,2.3,5.1,346.4
01/06/2002,Enugu,23.6,31.1,83,4.5,12.4,2.2,5.9,244.8
01/07/2002,Enugu,22.9,29.3,86,3.7,9.4,1.8,5,320.2
01/08/2002,Enugu,22.6,29.2,86,2.8,7.9,1.7,5.9,264.5
01/09/2002,Enugu,22.1,30.2,84,4,11.1,2.2,4.7,230.5
01/10/2002,Enugu,21.9,30.3,80,5.5,13.5,2.5,4.6,253.5
01/11/2002,Enugu,22.3,32.4,78,7.9,13.9,3.4,3.4,2.5
01/12/2002,Enugu,19.3,32.1,50,7.4,13.8,7.2,6.1,0.7
01/01/2003,Enugu,19.8,32.5,42,5.6,12.5,9.6,7.2,0.25
01/02/2003,Enugu,21,35.9,49,5.8,14,11.3,5.9,0
01/03/2003,Enugu,24.8,34.4,73,7.3,12.2,5.7,5.1,111.5
01/04/2003,Enugu,24.5,33.2,78,6.2,11.9,4.2,4.6,200.9
01/05/2003,Enugu,23.3,31.9,80,5.5,13.2,3.1,4.2,194
01/06/2003,Enugu,22.5,29.8,82,5.3,12.1,2.4,4.5,354
01/07/2003,Enugu,22.4,29.3,84,3,10.8,2.1,5.6,313
01/08/2003,Enugu,22.5,28.8,83,3.1,9.3,2.3,7.1,149.3
01/09/2003,Enugu,22.4,30,85,3.8,11.4,2.1,5.2,249.7
01/10/2003,Enugu,22.5,30.8,82,6,12.8,2.7,4.8,105.3
01/11/2003,Enugu,21.1,31.6,67,6.1,14.4,4.3,5.6,28.8
01/12/2003,Enugu,19.3,38.3,59,5.6,13.6,6.5,5.8,0.25
01/01/2004,Enugu,20.4,33.3,42,5.8,11.9,9.7,6.7,0
01/02/2004,Enugu,21.5,35.4,52,6.3,12.5,9.2,5.2,5.1
01/03/2004,Enugu,23.9,34.3,67,5.7,12.7,7.3,7.1,62.8
01/04/2004,Enugu,24,33.3,76,5.6,12.1,4.7,6.7,148.9
01/05/2004,Enugu,23.6,32.1,79,4.8,12.4,3.4,5.3,109.9
01/06/2004,Enugu,22.8,30.7,81,5.3,11.1,2.8,5.2,263.7
01/07/2004,Enugu,22.8,29.6,83,3,11,2.6,6.2,186.7
01/08/2004,Enugu,22.5,29.1,87,2.6,10.7,1.9,5.4,389.8
01/09/2004,Enugu,22.5,30.3,85,3.5,11.2,2.3,4.6,243.5
01/10/2004,Enugu,22.5,31.1,82,4.8,13.9,2.5,4.6,72.9
01/11/2004,Enugu,22.8,32.4,75,6.7,14.9,3.1,4.6,82.9
01/12/2004,Enugu,20,31.9,88,6.4,13.6,6,5.9,11.6
01/01/2005,Enugu,21.4,32.6,60,5.2,13.5,7,6.1,33.8
01/02/2005,Enugu,23,35.1,66,7,14.5,7.4,3.9,0
01/03/2005,Enugu,25.1,35.7,68,3.2,15.7,7.2,7,9.7
01/04/2005,Enugu,23.7,33.3,76,5.4,15.2,4.6,5.9,144.5
01/05/2005,Enugu,23,31.7,82,4.9,12.2,2.8,4.9,211.2
01/06/2005,Enugu,22.7,30.9,84,3.9,13.7,2.7,5.3,140
01/07/2005,Enugu,22.7,29.6,85,3.1,10.8,2.2,5.8,216
01/08/2005,Enugu,21.9,28.2,88,2.5,9.7,1.7,6,187.2
01/09/2005,Enugu,22.7,30,86,3.3,11.1,2.2,5.1,331.9
01/10/2005,Enugu,22.4,30.9,83,4.9,13.5,2.3,4.2,181.6
01/11/2005,Enugu,21.1,32.7,69,7.2,15.1,4.8,4.9,0.25
01/12/2005,Enugu,17.8,32.8,36,8.2,13.1,9.4,7.2,0
01/01/2006,Enugu,19.8,33.6,41,5.9,13.2,8.9,5.8,1.6
01/02/2006,Enugu,22.1,35.5,62,6.2,14.3,8.3,4.8,0.25
01/03/2006,Enugu,24.9,35,72,6,15,6.3,6.3,90.2
01/04/2006,Enugu,24.3,33.9,75,5.8,15.2,4.5,5.6,194.1
01/05/2006,Enugu,22.7,31.6,82,6.1,16,0.7,4.7,263.9
01/06/2006,Enugu,22.6,30.5,84,5.2,14.2,2.3,5.4,356.7
01/07/2006,Enugu,22.8,29.5,85,3.5,10.2,2.1,5.4,340.2
01/08/2006,Enugu,22.6,29.4,89,2.6,10.6,1.8,4.6,432.1
01/09/2006,Enugu,22.7,30.6,84,4.6,13.5,2.3,4.7,192.4
01/10/2006,Enugu,22.1,30.8,82,5.9,13.3,7.1,4.5,261.7
01/11/2006,Enugu,20.3,32.2,64,6.4,16.8,4.8,5.5,35
01/12/2006,Enugu,20.4,33.5,68,6.4,14.5,5.5,4.5,0
01/01/2007,Enugu,21.7,34.4,74,5.6,12.9,5.6,4.7,0.25
01/02/2007,Enugu,24.6,35,70,5.1,17.4,6.1,5.9,26.7
01/03/2007,Enugu,24.5,34.4,74,6.7,14.3,5.6,6.5,48.6
01/04/2007,Enugu,23.8,32.8,77,6.1,14.9,4.4,6.2,160.9
01/05/2007,Enugu,23.4,31,80,6.2,16.5,3.2,6.3,277.2
01/06/2007,Enugu,23.1,31.2,82,4.8,14.1,2.7,5.6,289.6
01/07/2007,Enugu,22,29.7,85,2.7,10.5,2.3,5.8,368.3
01/08/2007,Enugu,22.5,29.3,86,2.6,9.7,2.1,5.5,268.4
01/09/2007,Enugu,22.9,30.4,82,3.5,12.6,2.4,5.4,176.3
01/10/2007,Enugu,22.3,30.7,82,5.6,14.8,2.7,5,303.4
01/11/2007,Enugu,19.7,32.4,61,8.3,16.2,5.8,5.6,0
01/12/2007,Enugu,20.4,33.5,70,7.8,14.5,5.6,4.1,0
01/01/2008,Enugu,22.4,33.3,64,6.6,15,7,5.1,0.25
01/02/2008,Enugu,20,36.1,31,5.9,17.3,13,7.8,0
01/03/2008,Enugu,23.1,35,68,6.5,16.1,6.4,5.6,111.6
01/04/2008,Enugu,23,32.7,81,6.3,15.2,3.3,5.6,261.3
01/05/2008,Enugu,22.8,31.6,80,7.1,14.4,2.8,4.3,376.1
01/06/2008,Enugu,22.8,29.4,82,5.4,13.3,0,5.2,344.9
01/07/2008,Enugu,23,29,81,5.3,12.9,0,6.5,226.8
01/08/2008,Enugu,22.9,29.2,85,4.8,12.9,2,5.6,235
01/09/2008,Enugu,22.8,29.8,85,4.3,15.3,2.4,5.4,392.3
01/10/2008,Enugu,21.9,31.4,82,5.2,14.6,2.3,4.7,242.2
01/11/2008,Enugu,21.7,33,80,6.8,14,2.8,3.9,68.1
01/12/2008,Enugu,20.3,33.4,62,7.1,14.5,5.1,5,4.1
01/01/2009,Enugu,21,33,43,7.5,13.9,8.2,7.2,0
01/02/2009,Enugu,24.5,36.9,57,6.6,15.4,8.1,5.9,6.1
01/03/2009,Enugu,24.9,36.4,59,5.7,16.6,8.7,6.4,25.8
01/04/2009,Enugu,26,35,75,6.2,14.7,4.9,6.9,161.1
01/05/2009,Enugu,25,33,79,7,15.3,3.2,5.8,188.7
01/06/2009,Enugu,23,32,83,5.1,14.1,2.6,5.2,285.9
01/07/2009,Enugu,23.1,30.3,81,3.5,12.5,2.4,6.4,259.2
01/08/2009,Enugu,23.2,29.6,81,4.6,11.3,2.6,0.7,96.2
01/09/2009,Enugu,23,30,85,4.4,13.1,2.3,5.7,256.6
01/10/2009,Enugu,23,31,83,5.5,14.7,2.5,4.6,217.4
01/11/2009,Enugu,23.5,33.9,78,6.4,16.7,3.9,3.8,0
01/12/2009,Enugu,20.9,33.5,59,6.2,15,6.1,5.3,0
01/01/2010,Enugu,22.2,33.9,64,7.2,13.9,6.4,5.9,0
01/02/2010,Enugu,24.9,34.6,72,6.4,17.2,5.3,6,15.7
01/03/2010,Enugu,21.6,35,73,5.9,15.6,6.1,8,30
01/04/2010,Enugu,24.3,33.6,74,6.1,14.6,4.6,6.4,103.6
01/05/2010,Enugu,23,32,82,6.9,16,3.1,5.8,223.5
01/06/2010,Enugu,23,31,82,5.3,12.7,2.7,5.2,316.8
01/07/2010,Enugu,22.5,30.1,86,3.7,11.6,2.4,5.9,206.4
01/08/2010,Enugu,22.7,30.1,83,3.9,11.6,2.5,6,101.2
01/09/2010,Enugu,22.3,30,84,4.5,13.6,2.3,5.1,195.1
01/10/2010,Enugu,22.4,30.3,83,6,14.6,2.3,4.6,291.6
01/11/2010,Enugu,23,32.9,78,6.8,16.2,3.3,3.7,24.3
01/12/2010,Enugu,19.1,33.3,58,5.3,15.8,6.7,5.7,0
01/01/2011,Enugu,22.6,34.3,65,7.1,15.1,6.6,5.6,32.4
01/02/2011,Enugu,21.4,34.3,43,6.5,14.8,10.5,6.8,0
01/03/2011,Enugu,23.4,36,62,6.4,13.5,8.7,6.6,32.3
01/04/2011,Enugu,24,34,75,6.8,15.1,5.2,7.4,202
01/05/2011,Enugu,23.8,32.6,80,6.5,15.2,3.3,5.7,357.5
01/06/2011,Enugu,22.5,31.1,83,4.5,12.7,2.5,5.4,206.1
01/07/2011,Enugu,22.8,30.1,84,3,12.3,2.2,6,289.5
01/08/2011,Enugu,21.9,29.3,86,4.3,11.9,2,6.1,331.8
01/09/2011,Enugu,22.9,30.4,84,4.3,12.5,2.3,5.6,339.7
01/10/2011,Enugu,22.7,31,83,5.9,15.2,2.4,4.5,226.5
01/11/2011,Enugu,23.4,33.4,74,7.1,17,3.6,4.3,0.25
01/12/2011,Enugu,19.8,33.3,52,5.5,16.4,7.1,6.3,0
01/01/2012,Enugu,19.4,34.2,50,7.4,14.6,8.5,5.9,0
01/02/2012,Enugu,21.8,35.5,49,6.3,17.1,10.2,6.6,28
01/03/2012,Enugu,24.6,34.6,73,6.5,14.5,5.6,6.7,72.5
01/04/2012,Enugu,23.9,33.3,77,7,14.5,4,6.5,305.5
01/05/2012,Enugu,23,32,81,6.5,14.9,2.9,5.7,273.8
01/06/2012,Enugu,23,31,80,5.3,13.6,2.6,5.5,188.8
01/07/2012,Enugu,21.9,29.8,83,3,12.8,2.4,5.8,152
01/08/2012,Enugu,21.7,28.8,85,2.9,12,2.1,6.3,130.6
01/09/2012,Enugu,22.6,30,85,4.3,14.5,2.2,5.5,407.9
01/10/2012,Enugu,22.3,31.4,81,5.6,15.9,2.8,4.4,118.1
01/11/2012,Enugu,22.1,34.1,73,7.4,15.6,4.5,4,0.25
01/12/2012,Enugu,20.2,34.6,67,8,15.7,6.1,4.8,0
01/01/2013,Enugu,18.3,33.8,36,5.6,15.5,11,7.2,0
01/02/2013,Enugu,21.2,35.7,59,6.7,17.3,8.3,6.3,46.5
01/03/2013,Enugu,22.6,35,74,4.8,16.1,5.8,7,10.4
01/04/2013,Enugu,22.9,33.3,77,5.3,15.4,4.2,6.8,159.1
01/05/2013,Enugu,22.7,32.8,79,6.3,16.1,3.3,5.7,219.7
01/06/2013,Enugu,22.1,31.1,84,5.3,14.7,2.5,5.5,296.4
01/07/2013,Enugu,21.9,30.5,85,4.6,12,2.2,5.3,263.3
01/08/2013,Enugu,22.2,29.7,84,3.6,11.3,2.1,5.7,121.9
01/09/2013,Enugu,21.4,30,81,4.9,13.7,2.2,5.2,270.9
01/10/2013,Enugu,21.9,30.8,84,5.6,15.3,2.1,4,332.5
01/11/2013,Enugu,20.1,33,76,7.2,17.8,3.6,4,1.5
01/12/2013,Enugu,21.6,34.1,48,7.1,16.7,7.5,6,0
01/01/2014,Enugu,20,34.6,61,4.4,15.5,6.5,5,0.25
01/02/2014,Enugu,18.9,36.1,69,6.8,16.2,7.2,3,0
01/03/2014,Enugu,23.3,36,68,4.9,16.5,7.1,5,2.9
01/04/2014,Enugu,23.3,34.4,73,6.4,16.1,5.3,4,74.6
01/05/2014,Enugu,23.3,33.3,76,5.8,14.7,4,3,234.3
01/06/2014,Enugu,22.2,30.4,84,5.4,15.1,2.4,3,286.9
01/07/2014,Enugu,22.2,30.4,82,2.7,13.9,2.4,3,400.4
01/08/2014,Enugu,21.6,30.5,82,3.9,12.7,2.4,5.1,290.2
01/09/2014,Enugu,21.6,30.4,84,4.3,13.4,2.1,3,334.4
01/10/2014,Enugu,21.6,32.1,80,5.2,14.5,2.7,3,227.4
01/11/2014,Enugu,20.5,33.4,75,6.8,16.4,3.5,2,39.8
01/12/2014,Enugu,16.7,33.5,54,7.1,17,6.8,3,0
01/01/2015,Enugu,16.7,36,51,4.9,15.4,7.4,3,6.4
01/02/2015,Enugu,22.2,37,55,6,16.6,9,4,4.8
01/03/2015,Enugu,23.3,34,60,4.8,17.6,8.6,4,186.8
01/04/2015,Enugu,23.3,32,74,5.2,15.5,4.5,3,305.5
01/05/2015,Enugu,22.8,32.9,80,6.2,15.4,2.9,3,222.3
01/06/2015,Enugu,22.2,31.2,81,5.1,14.2,2.7,3,284.7
01/07/2015,Enugu,22.2,30.4,81,5.3,12.3,2.4,3,174.1
01/08/2015,Enugu,22.2,29.9,84,4.3,12.4,2.2,4,272.3
01/09/2015,Enugu,22.2,30.2,85,4.7,14.3,2.3,3,258
01/10/2015,Enugu,21.6,32.4,81,5.5,14.3,2.7,2,22.1
01/11/2015,Enugu,22.2,33.3,76,6.4,17.6,4,2,33.1
01/12/2015,Enugu,21.1,33.6,70,6.2,16.7,5.6,2,0
01/01/2016,Enugu,20,32.8,42,6.3,16.6,9.3,2,0.25
01/02/2016,Enugu,23.3,35.1,67,7.6,16.2,6.9,4,26.9
01/03/2016,Enugu,22.8,34.7,72,6.3,16.6,6.2,3,20.8
01/04/2016,Enugu,23.9,32.9,71,5.8,15.4,5.6,4,115.6
01/05/2016,Enugu,22.8,32.1,79,5.9,15.7,3.3,3,170
01/06/2016,Enugu,22.2,30.4,84,4.8,15.5,2.7,3,258.3
01/07/2016,Enugu,22.2,29.3,87,3.1,12.7,2.1,3,277.6
01/08/2016,Enugu,22.2,29.2,81,4.7,11.9,2.5,2,292
01/09/2016,Enugu,22.2,29,84,3.7,13.6,2.2,3,283.6
01/10/2016,Enugu,22.2,30.7,81,5.8,16.7,2.6,3,228.5
01/11/2016,Enugu,20.5,32.1,77,8.1,17.6,3.9,3,24.1
01/12/2016,Enugu,21.1,32.8,70,8.1,16.8,4.8,2,19.1
01/01/2017,Enugu,20,36.6,75,7.6,15,4.9,3,43.9
01/02/2017,Enugu,22.2,33.9,76,6.5,18,5.2,4,4.6
01/03/2017,Enugu,23.9,35.5,70,6.1,15.7,5.8,5,78.9
01/04/2017,Enugu,22.8,33.3,75,6.8,14.2,5.1,4,138.4
01/05/2017,Enugu,22.8,32.2,83,6.6,15,2.6,4,375
01/06/2017,Enugu,22.2,30,83,4.5,16.4,2.5,4,369.2
01/07/2017,Enugu,21.6,28.9,84,4.1,13,2.3,5,402.5
01/08/2017,Enugu,22.2,29.4,82,3.3,11.7,2.5,3,188.3
01/09/2017,Enugu,21.6,29.4,88,3.8,12.8,2,3,261.8
01/10/2017,Enugu,21.6,30.5,85,4.9,15.2,2.4,3,233.7
01/11/2017,Enugu,20.5,33.3,65,6.6,15.7,5.2,3,0
01/12/2017,Enugu,22.2,33.3,48,7.1,16.7,7.6,0,0
01/01/2018,Enugu,21.6,33.9,63,7.4,16.1,6.7,2,0
01/02/2018,Enugu,21.6,34.4,53,6.4,15.7,8.6,3,9.4
01/03/2018,Enugu,23.3,32.7,64,5.5,16.5,7.7,4,70
01/04/2018,Enugu,23.3,32.7,73,6.1,14.8,4.7,3,93.9
01/05/2018,Enugu,22.8,31.6,78,5.9,14.4,3.6,2,288.4
01/06/2018,Enugu,22.2,30,81,6.3,12.5,2.7,2,306.4
01/07/2018,Enugu,22.2,29.4,82,4.1,13.2,2.4,3,329
01/08/2018,Enugu,22.2,28.9,73,3.8,11.5,4.5,3,261.9
01/09/2018,Enugu,22.2,29.4,80,4.3,13.3,2.4,2,286.1
01/10/2018,Enugu,22.2,30.5,80,5.8,15.7,2.6,3,265.8
01/11/2018,Enugu,21.1,31.6,71,7.5,15.9,4.4,3,0.25
01/12/2018,Enugu,19.4,32.7,57,7.2,14.5,7.7,3,0
01/01/2019,Enugu,20,33.3,50,5.4,11.4,9,3,1.2
01/02/2019,Enugu,21.1,33.9,58,7.3,12.6,9.2,4,0
01/03/2019,Enugu,23.9,33.9,76,6.8,13.8,4.8,4,56.7
01/04/2019,Enugu,23.9,32.7,76,6.7,12.4,4,3,191.6
01/05/2019,Enugu,22.8,31.6,78,5.7,12.3,3.5,3,281.2
01/06/2019,Enugu,22.8,31.1,81,3.5,12.1,2.8,3,250.6
01/07/2019,Enugu,22.8,30,81,4.2,7.7,2.8,3,221.3
01/08/2019,Enugu,22.8,30,81,3.5,8.3,3.3,3,338.4
01/09/2019,Enugu,22.2,31.1,80,4.8,11.4,2.9,3,300.2
01/10/2019,Enugu,21.6,31.6,81,6.4,10.1,2.4,3,97.2
01/11/2019,Enugu,22.2,32.7,77,6.5,11.7,2.8,2,11.2
01/12/2019,Enugu,18.3,33.9,77,7.1,12.1,3.9,3,43.4
01/01/2020,Enugu,17.8,33.3,60,6.3,10.8,5.3,5,0.25
01/02/2020,Enugu,22.2,36.1,62,7.2,13.5,5.5,6,0.25
01/03/2020,Enugu,23.3,35,70,6.8,13.3,6,7,11.1
01/04/2020,Enugu,23.6,32.7,75,6.2,12.8,4,3,112.4
01/05/2020,Enugu,23.1,31.6,79,6.1,12.7,3.4,4,0.25
01/06/2020,Enugu,22.1,29.4,81,6.1,12.3,3,3,206
01/07/2020,Enugu,22,29.4,74,3.1,8.7,2.6,3,281.1
01/08/2020,Enugu,21.8,29.4,83,3,8.9,2.4,3.2,193.6
01/09/2020,Enugu,21.8,30.5,81,3.9,11.3,2.5,3,204.7
01/10/2020,Enugu,21.6,31.6,74,6.1,12.7,2.8,3,393.3
01/11/2020,Enugu,20.2,32.7,72,7.2,14.2,5.2,3,32.1
01/12/2020,Enugu,16.1,33.3,75,7.3,12,4.7,4,0
01/01/2021,Enugu,23.1,32.7,77,7.5,12.4,7,6,0.5
01/02/2021,Enugu,24.1,33.3,71,7.4,13.1,9,6,75.9
01/03/2021,Enugu,24.6,34.4,70,6.6,12.9,6.7,7,64.3
01/04/2021,Enugu,24.3,33.3,74,6.2,11.3,4.1,7,28.7
01/05/2021,Enugu,23.6,31.6,76,5.8,11.9,3.2,6,199
01/06/2021,Enugu,23.1,31.1,79,5.1,10.7,2.9,3,237.1
01/07/2021,Enugu,22.7,29.4,85,4.3,8.2,3.3,5,364.8
01/08/2021,Enugu,22.9,28.9,84,3.4,8.7,4.6,3.1,305.4
01/09/2021,Enugu,22.3,30.5,81,3.3,9.6,2.8,3,208.4
01/10/2021,Enugu,22,31.1,78,5.5,10.8,2.7,5,165.8
01/11/2021,Enugu,21,32.7,73,7.1,13.1,4.1,3,46.9
01/12/2021,Enugu,18,33.3,60,7.7,12.6,5,3,0
