Year,city,sr,tmin,tmax,rh,sh,ep,ws,rf
Jan-91,ilorin,13.80,19.90,33.90,75.00,8.00,7.20,3.50,0.25
Feb-91,ilorin,16.70,22.80,35.10,69.00,7.70,9.50,5.40,18.80
Mar-91,ilorin,18.80,23.90,35.80,71.00,7.20,8.80,3.90,3.60
Apr-91,ilorin,17.00,22.80,34.50,72.00,6.60,7.60,3.60,44.40
May-91,ilorin,15.80,21.90,31.10,79.00,6.60,4.50,3.50,135.20
Jun-91,ilorin,15.00,21.70,29.90,81.00,6.10,3.70,3.10,214.70
Jul-91,ilorin,11.60,20.90,28.00,85.00,4.60,3.00,3.80,123.90
Aug-91,ilorin,12.20,21.10,27.90,85.00,3.00,2.50,4.00,280.10
Sep-91,ilorin,15.10,21.20,29.50,86.00,4.30,2.50,3.10,214.60
Oct-91,ilorin,15.80,21.80,30.40,82.00,4.50,2.90,3.30,197.30
Nov-91,ilorin,17.00,22.20,32.30,75.00,6.90,5.50,3.00,2.90
Dec-91,ilorin,15.10,16.40,32.00,56.00,7.40,8.10,4.30,1.60
Jan-92,ilorin,14.50,19.20,32.90,56.00,6.40,9.50,4.30,0.25
Feb-92,ilorin,16.80,22.30,35.70,63.00,6.20,11.10,4.20,0.25
Mar-92,ilorin,15.90,22.90,35.10,73.00,4.70,8.00,4.60,117.70
Apr-92,ilorin,16.40,22.80,33.90,74.00,6.40,6.60,4.30,86.30
May-92,ilorin,14.10,22.30,32.20,80.00,7.50,4.00,4.80,265.80
Jun-92,ilorin,14.80,22.10,30.10,83.00,5.80,3.50,4.80,225.80
Jul-92,ilorin,12.20,20.90,28.30,86.00,4.30,3.20,4.30,163.30
Aug-92,ilorin,11.40,20.80,27.90,87.00,3.50,2.70,4.20,76.80
Sep-92,ilorin,14.10,20.90,29.10,85.00,3.60,2.70,3.20,252.90
Oct-92,ilorin,14.60,22.20,31.00,82.00,6.40,3.00,3.20,98.30
Nov-92,ilorin,17.00,19.30,33.30,61.00,7.90,7.90,3.50,0.25
Dec-92,ilorin,14.00,20.10,33.90,76.00,7.20,6.90,4.20,0.25
Jan-93,ilorin,14.90,20.20,33.10,49.00,8.30,9.90,3.70,8.00
Feb-93,ilorin,17.90,22.10,33.90,58.00,8.40,8.80,3.80,28.90
Mar-93,ilorin,15.60,22.90,35.10,68.00,7.40,7.70,4.60,22.20
Apr-93,ilorin,16.30,22.70,33.20,76.00,5.70,6.00,4.10,141.80
May-93,ilorin,16.00,22.50,30.90,81.00,7.30,3.40,3.90,150.60
Jun-93,ilorin,13.00,21.90,30.10,82.00,6.00,3.00,4.20,127.20
Jul-93,ilorin,12.30,20.90,28.20,85.00,3.70,2.80,4.20,76.70
Aug-93,ilorin,11.20,20.70,27.90,84.00,3.60,2.90,3.70,182.50
Sep-93,ilorin,13.20,20.60,29.10,86.00,4.10,2.10,3.80,247.80
Oct-93,ilorin,16.50,21.30,30.00,84.00,5.60,2.20,3.60,229.40
Nov-93,ilorin,16.40,20.30,32.20,70.00,8.20,4.90,3.70,0.25
Dec-93,ilorin,15.30,20.10,33.30,65.00,7.70,6.60,6.00,0.25
Jan-94,ilorin,14.70,17.20,31.10,23.00,7.40,13.50,4.30,0.25
Feb-94,ilorin,17.50,21.50,35.90,57.00,8.50,9.80,4.50,8.60
Mar-94,ilorin,16.90,22.90,36.10,52.00,6.00,11.60,5.00,15.00
Apr-94,ilorin,17.70,23.60,35.20,74.00,7.10,6.30,4.50,92.30
May-94,ilorin,15.80,22.80,32.90,77.00,6.20,4.50,6.10,175.10
Jun-94,ilorin,12.60,21.90,30.30,81.00,4.90,3.30,4.10,146.20
Jul-94,ilorin,12.30,21.10,28.10,84.00,4.80,2.90,4.90,91.80
Aug-94,ilorin,12.80,20.60,28.20,87.00,4.00,2.50,4.60,215.90
Sep-94,ilorin,15.00,20.80,30.10,84.00,5.40,2.50,4.80,228.30
Oct-94,ilorin,15.20,21.60,32.20,77.00,6.20,4.20,4.60,34.00
Nov-94,ilorin,16.40,23.10,34.10,72.00,7.30,5.80,3.90,1.70
Dec-94,ilorin,14.50,21.30,32.00,76.00,7.40,4.40,5.30,148.30
Jan-95,ilorin,12.90,18.20,33.30,56.00,7.10,9.00,5.30,0.25
Feb-95,ilorin,15.50,22.30,35.80,68.00,6.60,10.50,5.10,0.25
Mar-95,ilorin,18.50,23.90,36.10,73.00,7.70,6.60,5.20,83.50
Apr-95,ilorin,15.90,22.80,33.00,79.00,6.90,5.00,5.70,88.30
May-95,ilorin,15.20,21.70,31.90,77.00,6.60,3.60,5.10,139.90
Jun-95,ilorin,14.10,21.30,30.10,80.00,6.40,3.10,4.30,214.30
Jul-95,ilorin,12.20,20.90,29.30,83.00,3.60,2.60,5.10,267.30
Aug-95,ilorin,10.90,21.70,30.20,85.00,4.00,2.80,4.90,272.50
Sep-95,ilorin,11.40,20.80,30.10,83.00,4.50,2.50,3.80,158.80
Oct-95,ilorin,14.40,21.70,31.10,81.00,6.10,3.10,3.80,83.30
Nov-95,ilorin,17.90,21.90,34.20,70.00,6.60,5.60,4.70,2.60
Dec-95,ilorin,15.40,19.20,33.30,58.00,6.50,7.60,5.60,0.25
Jan-96,ilorin,14.00,22.20,33.90,64.00,7.10,7.70,7.50,0.80
Feb-96,ilorin,17.80,19.60,35.20,43.00,7.40,12.70,5.90,0.25
Mar-96,ilorin,18.40,24.60,35.90,68.00,6.80,7.80,4.50,51.30
Apr-96,ilorin,16.50,23.60,33.10,76.00,7.30,4.80,4.90,57.60
May-96,ilorin,16.40,23.50,32.30,77.00,6.70,4.70,5.30,175.60
Jun-96,ilorin,13.80,21.20,29.80,83.00,6.60,2.90,5.40,184.90
Jul-96,ilorin,12.80,21.10,29.10,83.00,3.60,2.80,5.40,251.10
Aug-96,ilorin,11.40,22.20,28.90,86.00,3.10,2.70,5.90,89.90
Sep-96,ilorin,13.70,20.90,30.30,84.00,4.70,2.10,3.70,293.10
Oct-96,ilorin,15.90,20.80,33.20,78.00,6.80,4.10,5.40,20.50
Nov-96,ilorin,17.40,22.10,34.90,75.00,6.40,5.70,5.70,8.50
Dec-96,ilorin,15.70,18.30,33.30,45.00,7.30,9.20,5.50,0.25
Jan-97,ilorin,15.70,22.20,34.10,65.00,8.00,7.70,5.50,5.50
Feb-97,ilorin,17.40,22.90,35.30,75.00,6.00,6.60,6.50,90.70
Mar-97,ilorin,18.20,23.30,34.20,74.00,6.30,5.50,5.70,108.40
Apr-97,ilorin,17.30,23.20,34.30,75.00,6.60,4.90,6.50,58.30
May-97,ilorin,16.10,23.30,33.30,76.00,6.50,4.20,5.90,97.50
Jun-97,ilorin,13.30,21.20,30.20,82.00,5.00,3.50,4.40,264.00
Jul-97,ilorin,11.80,21.10,28.30,86.00,3.40,2.60,5.40,126.90
Aug-97,ilorin,11.10,21.30,28.20,84.00,2.60,2.60,5.70,153.70
Sep-97,ilorin,12.90,21.10,29.30,85.00,3.80,2.30,3.90,195.70
Oct-97,ilorin,14.60,21.00,31.20,83.00,6.20,2.70,5.50,220.90
Nov-97,ilorin,17.70,21.20,32.20,75.00,6.70,5.00,5.60,6.80
Dec-97,ilorin,16.00,17.30,31.90,47.00,6.80,8.50,5.40,0.25
Jan-98,ilorin,14.80,19.90,34.10,63.00,3.10,8.10,5.40,0.25
Feb-98,ilorin,17.50,23.80,36.30,70.00,6.50,8.00,6.10,3.60
Mar-98,ilorin,16.40,22.70,34.90,66.00,5.90,8.00,5.50,68.40
Apr-98,ilorin,16.90,24.90,35.30,71.00,7.20,7.90,6.00,19.60
May-98,ilorin,14.70,23.60,35.20,72.00,7.00,6.10,4.90,79.40
Jun-98,ilorin,13.50,22.80,30.90,79.00,4.40,3.40,4.50,183.70
Jul-98,ilorin,13.10,21.90,30.20,84.00,3.50,3.10,4.70,176.30
Aug-98,ilorin,12.20,21.50,30.10,86.00,2.50,2.30,4.40,338.30
Sep-98,ilorin,14.60,20.60,30.00,84.00,5.20,2.70,4.10,238.60
Oct-98,ilorin,14.60,21.70,32.20,83.00,6.20,3.80,3.90,105.80
Nov-98,ilorin,18.10,21.20,33.90,73.00,7.80,7.50,3.50,0.25
Dec-98,ilorin,15.90,19.30,34.10,58.00,7.30,8.70,5.60,0.25
Jan-99,ilorin,14.70,20.90,33.30,56.00,5.60,8.80,5.20,73.30
Feb-99,ilorin,17.40,22.80,35.10,70.00,7.00,8.00,4.50,26.20
Mar-99,ilorin,16.70,23.60,34.90,75.00,7.10,6.80,5.10,48.30
Apr-99,ilorin,17.20,22.70,34.20,75.00,6.20,5.60,4.20,103.20
May-99,ilorin,15.50,22.60,32.10,79.00,6.40,4.20,4.30,169.10
Jun-99,ilorin,14.40,22.30,30.30,82.00,6.60,3.00,3.40,196.30
Jul-99,ilorin,11.80,21.90,29.10,84.00,5.20,3.40,3.60,69.20
Aug-99,ilorin,11.20,20.80,27.90,83.00,5.30,3.40,3.30,59.60
Sep-99,ilorin,12.80,20.60,30.10,83.00,5.20,2.90,3.40,107.70
Oct-99,ilorin,15.60,21.80,32.20,80.00,5.30,3.70,3.20,43.10
Nov-99,ilorin,18.10,22.20,34.30,77.00,6.50,6.90,3.10,2.60
Dec-99,ilorin,14.90,20.30,33.30,59.00,4.80,8.40,3.60,0.30
Jan-00,ilorin,14.80,16.20,33.10,24.00,4.90,12.40,5.00,0.25
Feb-00,ilorin,17.10,19.80,35.30,36.00,5.00,13.50,5.00,0.25
Mar-00,ilorin,18.70,22.90,35.10,71.00,3.10,7.90,7.00,46.50
Apr-00,ilorin,17.10,22.60,33.90,76.00,5.10,6.50,8.00,54.60
May-00,ilorin,15.80,21.90,31.80,77.00,6.30,4.30,7.00,42.70
Jun-00,ilorin,13.80,21.10,30.00,83.00,5.00,3.40,6.00,199.50
Jul-00,ilorin,12.40,20.90,29.10,81.00,4.50,3.30,6.00,95.80
Aug-00,ilorin,11.20,20.70,29.30,86.00,4.50,2.90,7.00,119.00
Sep-00,ilorin,12.90,20.60,29.00,86.00,4.20,2.80,5.00,121.30
Oct-00,ilorin,15.40,21.80,31.10,82.00,5.80,3.40,5.00,115.20
Nov-00,ilorin,18.30,20.60,35.20,69.00,7.70,7.90,3.00,0.25
Dec-00,ilorin,16.50,19.20,33.40,57.00,5.30,8.00,4.00,0.25
Jan-01,ilorin,15.50,22.00,34.00,61.00,5.90,8.10,7.00,0.25
Feb-01,ilorin,17.10,20.50,35.00,46.00,7.80,11.60,5.00,5.40
Mar-01,ilorin,18.60,22.60,37.00,48.00,6.50,13.60,5.00,0.25
Apr-01,ilorin,17.20,22.80,34.00,76.00,7.40,6.60,6.00,80.10
May-01,ilorin,16.90,21.70,32.00,82.00,6.50,3.90,7.00,144.80
Jun-01,ilorin,15.10,21.60,31.00,86.00,6.10,3.50,6.00,132.40
Jul-01,ilorin,12.30,21.90,28.00,87.00,3.10,2.50,6.00,185.00
Aug-01,ilorin,12.50,20.60,28.00,88.00,3.90,2.40,7.00,86.10
Sep-01,ilorin,13.10,20.80,30.00,88.00,3.70,2.40,5.00,261.40
Oct-01,ilorin,15.10,21.60,32.00,50.00,6.00,3.30,5.00,61.40
Nov-01,ilorin,18.30,22.90,35.00,77.00,6.90,5.20,5.00,16.90
Dec-01,ilorin,16.30,22.20,33.00,76.00,6.00,6.10,4.00,46.60
Jan-02,ilorin,15.90,20.80,33.60,64.00,5.10,8.10,3.00,3.10
Feb-02,ilorin,17.90,23.30,35.50,73.00,8.00,7.30,4.00,19.70
Mar-02,ilorin,19.90,23.80,34.60,75.00,6.20,6.40,6.00,92.10
Apr-02,ilorin,18.20,22.60,32.30,77.00,6.80,4.70,7.00,128.00
May-02,ilorin,15.70,22.30,30.80,82.00,7.90,2.70,6.00,355.70
Jun-02,ilorin,14.70,22.00,31.10,83.00,6.60,3.10,5.00,119.00
Jul-02,ilorin,11.60,21.40,28.80,86.00,4.80,2.30,5.00,325.90
Aug-02,ilorin,11.20,21.30,27.90,87.00,4.30,2.40,4.00,138.80
Sep-02,ilorin,12.60,21.50,30.10,86.00,4.90,2.50,5.00,112.70
Oct-02,ilorin,18.20,21.10,30.30,83.00,6.40,1.10,4.00,172.90
Nov-02,ilorin,19.00,21.50,33.20,75.00,5.20,5.60,4.00,0.50
Dec-02,ilorin,16.70,19.10,32.90,55.00,8.10,8.70,3.00,0.25
Jan-03,ilorin,17.90,17.70,32.50,42.00,6.10,12.40,4.00,0.25
Feb-03,ilorin,18.00,20.50,36.10,45.00,5.70,13.80,3.00,0.25
Mar-03,ilorin,16.50,23.90,36.50,68.00,7.70,9.10,6.00,0.25
Apr-03,ilorin,16.90,23.50,35.00,69.00,7.30,6.60,6.00,41.50
May-03,ilorin,15.60,22.80,32.10,78.00,7.40,4.30,7.00,140.40
Jun-03,ilorin,12.90,21.60,29.90,78.00,7.00,3.50,5.00,72.50
Jul-03,ilorin,11.90,21.60,28.90,83.00,4.00,3.00,6.00,116.30
Aug-03,ilorin,13.30,21.30,27.70,83.00,2.40,3.10,5.00,49.20
Sep-03,ilorin,15.10,21.00,28.20,85.00,4.50,2.50,4.00,289.70
Oct-03,ilorin,17.50,20.90,30.90,81.00,6.30,3.00,4.00,166.40
Nov-03,ilorin,18.20,20.20,31.80,63.00,7.70,5.70,4.00,55.60
Dec-03,ilorin,14.50,18.70,33.80,61.00,7.30,7.30,3.00,0.25
Jan-04,ilorin,17.20,18.20,32.80,43.00,6.50,11.30,5.00,0.25
Feb-04,ilorin,17.80,21.30,35.70,60.00,5.30,10.40,5.00,3.60
Mar-04,ilorin,17.10,22.30,34.90,65.00,6.70,7.90,6.00,52.00
Apr-04,ilorin,16.20,23.50,34.20,70.00,7.20,6.50,7.00,27.80
May-04,ilorin,14.10,23.00,32.20,79.00,7.10,4.00,5.00,141.40
Jun-04,ilorin,13.90,21.90,27.60,82.00,6.60,2.90,6.00,130.60
Jul-04,ilorin,12.30,21.30,28.80,86.00,5.10,2.80,6.00,146.50
Aug-04,ilorin,12.70,21.10,28.50,85.00,3.20,2.30,5.00,193.50
Sep-04,ilorin,16.60,20.80,29.30,86.00,3.90,2.20,5.00,234.80
Oct-04,ilorin,17.40,21.30,31.20,82.00,7.20,2.70,5.00,202.30
Nov-04,ilorin,16.40,18.00,32.20,60.00,7.80,4.40,3.00,25.40
Dec-04,ilorin,15.40,19.40,33.30,54.00,8.40,7.30,3.00,0.25
Jan-05,ilorin,17.10,20.10,33.10,57.00,6.50,11.30,3.00,39.30
Feb-05,ilorin,18.40,22.00,36.50,63.00,7.80,10.40,4.00,0.25
Mar-05,ilorin,18.10,23.80,36.30,69.00,7.20,7.90,6.00,19.80
Apr-05,ilorin,15.20,23.30,33.30,77.00,6.90,6.50,6.00,223.00
May-05,ilorin,16.10,22.20,31.50,79.00,7.80,4.00,8.00,156.00
Jun-05,ilorin,14.90,21.80,30.20,81.00,6.00,2.90,6.00,131.20
Jul-05,ilorin,10.60,21.80,28.20,84.00,5.50,2.80,5.00,89.60
Aug-05,ilorin,12.60,21.50,28.20,82.00,3.90,2.30,5.00,87.00
Sep-05,ilorin,14.50,21.80,29.60,83.00,4.40,2.20,4.00,260.60
Oct-05,ilorin,14.70,21.30,30.30,83.00,7.20,2.70,4.00,235.50
Nov-05,ilorin,18.60,19.40,33.10,63.00,8.20,4.40,4.00,0.25
Dec-05,ilorin,16.20,16.20,32.80,39.00,8.30,7.30,3.00,0.25
Jan-06,ilorin,15.90,17.70,33.50,37.00,6.80,7.60,3.00,0.25
Feb-06,ilorin,16.90,20.70,35.80,45.00,7.40,8.90,4.00,2.10
Mar-06,ilorin,17.20,23.20,35.50,72.00,6.70,7.50,5.00,33.30
Apr-06,ilorin,18.30,22.80,34.40,73.00,7.40,5.00,6.00,122.00
May-06,ilorin,15.30,22.70,31.50,81.00,6.00,3.30,5.00,209.60
Jun-06,ilorin,14.40,22.10,30.50,84.00,6.90,3.20,4.00,171.30
Jul-06,ilorin,12.70,21.70,28.70,85.00,4.00,2.50,5.00,218.70
Aug-06,ilorin,10.80,22.10,28.60,87.00,2.70,2.60,5.00,232.10
Sep-06,ilorin,13.50,21.80,29.50,85.00,5.10,2.50,5.00,188.50
Oct-06,ilorin,15.80,21.90,30.90,82.00,4.50,2.40,2.00,154.60
Nov-06,ilorin,15.80,19.10,32.40,84.00,7.60,6.70,2.00,46.80
Dec-06,ilorin,14.70,20.40,33.40,70.00,5.70,9.70,1.00,30.20
Jan-07,ilorin,16.00,21.20,34.50,76.00,3.70,10.60,2.00,0.25
Feb-07,ilorin,17.30,23.20,36.00,66.00,7.30,11.00,3.00,0.90
Mar-07,ilorin,16.80,23.40,35.80,69.00,4.40,7.30,3.00,61.40
Apr-07,ilorin,17.60,23.40,34.20,69.00,6.30,5.70,2.00,25.80
May-07,ilorin,15.10,22.20,31.90,77.00,6.50,3.50,3.00,143.20
Jun-07,ilorin,12.60,22.10,30.90,79.00,6.40,2.90,2.00,152.80
Jul-07,ilorin,10.70,21.70,29.30,80.00,4.30,2.40,3.00,104.20
Aug-07,ilorin,11.00,21.50,28.70,85.00,2.90,2.20,2.00,131.40
Sep-07,ilorin,14.50,21.50,29.00,85.00,4.10,2.40,2.00,262.70
Oct-07,ilorin,13.60,21.50,31.00,79.00,6.40,2.90,2.00,62.90
Nov-07,ilorin,17.30,16.60,33.30,56.00,7.10,5.60,2.00,0.25
Dec-07,ilorin,15.10,19.80,33.90,73.00,7.80,5.10,3.20,0.25
Jan-08,ilorin,14.60,20.10,33.10,64.00,6.10,7.20,4.00,0.25
Feb-08,ilorin,18.40,19.10,34.30,30.00,7.50,8.20,4.00,0.25
Mar-08,ilorin,18.10,23.10,36.10,61.00,7.30,7.30,4.00,50.70
Apr-08,ilorin,17.90,22.40,33.90,77.00,7.00,5.90,3.00,179.50
May-08,ilorin,14.70,22.50,32.20,80.00,6.80,4.30,5.00,216.90
Jun-08,ilorin,14.30,21.70,30.20,85.00,5.80,4.20,4.00,229.50
Jul-08,ilorin,11.90,21.30,28.40,83.00,4.00,3.10,3.00,102.90
Aug-08,ilorin,12.00,21.90,28.00,84.00,4.10,2.70,3.00,86.00
Sep-08,ilorin,14.80,21.00,29.30,84.00,5.10,2.40,3.20,334.80
Oct-08,ilorin,17.90,22.00,30.50,79.00,6.70,3.40,2.60,121.70
Nov-08,ilorin,16.80,22.00,32.80,78.00,8.00,8.00,2.60,0.80
Dec-08,ilorin,16.10,20.60,33.60,65.00,6.90,7.20,3.40,11.60
Jan-09,ilorin,14.80,18.90,34.10,43.00,5.40,8.00,3.00,0.25
Feb-09,ilorin,18.30,22.40,35.30,50.00,5.90,12.80,3.00,0.30
Mar-09,ilorin,16.40,24.10,34.20,54.00,8.00,8.10,3.00,19.00
Apr-09,ilorin,17.60,25.00,34.30,70.00,7.00,4.80,3.00,107.40
May-09,ilorin,15.30,25.00,32.40,80.00,7.00,3.20,4.00,169.20
Jun-09,ilorin,14.10,21.90,31.10,79.00,6.60,2.70,5.00,241.60
Jul-09,ilorin,12.80,22.00,28.70,86.00,4.00,3.00,3.00,209.00
Aug-09,ilorin,11.40,21.10,28.10,84.00,3.60,2.70,3.00,334.60
Sep-09,ilorin,13.00,21.00,30.00,83.00,4.90,2.60,3.00,338.10
Oct-09,ilorin,17.50,21.90,31.20,82.00,5.90,2.80,3.00,176.30
Nov-09,ilorin,16.40,21.70,35.00,72.00,8.40,4.50,3.00,0.25
Dec-09,ilorin,16.10,19.50,34.50,60.00,7.70,7.00,3.10,0.25
Jan-10,ilorin,14.20,21.30,33.50,62.00,6.30,10.10,4.00,0.25
Feb-10,ilorin,17.70,21.10,33.90,65.00,7.90,10.40,4.00,15.10
Mar-10,ilorin,17.70,23.00,35.10,73.00,7.40,10.20,4.00,68.00
Apr-10,ilorin,17.00,22.80,33.20,77.00,4.70,6.70,3.00,118.30
May-10,ilorin,14.30,21.90,30.90,82.00,7.10,3.50,2.00,171.30
Jun-10,ilorin,11.80,21.70,30.10,83.00,6.40,2.80,3.00,296.20
Jul-10,ilorin,11.90,20.70,29.30,86.00,4.20,2.40,4.00,179.40
Aug-10,ilorin,10.50,18.30,29.00,87.00,2.70,2.10,4.00,138.10
Sep-10,ilorin,13.90,17.70,28.90,86.00,5.60,2.60,4.00,268.90
Oct-10,ilorin,16.60,21.10,30.80,85.00,5.90,2.80,4.00,248.30
Nov-10,ilorin,17.20,21.60,33.80,78.00,7.90,6.60,3.00,35.70
Dec-10,ilorin,18.10,18.30,34.10,58.00,8.40,8.30,3.30,0.25
Jan-11,ilorin,14.90,21.70,34.40,65.00,8.30,8.20,4.20,34.80
Feb-11,ilorin,17.20,22.40,34.70,35.00,8.40,8.40,4.60,0.25
Mar-11,ilorin,18.20,25.30,36.90,61.00,7.40,5.50,5.10,19.60
Apr-11,ilorin,15.50,26.20,34.40,73.00,6.50,6.30,3.30,45.90
May-11,ilorin,15.10,25.90,33.00,76.00,5.90,4.50,5.00,105.60
Jun-11,ilorin,15.10,21.30,30.60,84.00,6.10,3.30,4.60,194.20
Jul-11,ilorin,13.30,212.60,29.70,82.00,4.90,2.90,4.00,81.00
Aug-11,ilorin,15.30,21.50,28.60,89.00,2.90,3.10,5.00,185.00
Sep-11,ilorin,14.20,21.70,30.00,87.00,5.50,2.30,4.00,281.70
Oct-11,ilorin,15.70,21.60,30.90,83.00,5.80,2.50,4.00,42.50
Nov-11,ilorin,14.90,18.80,35.00,72.00,7.70,5.60,3.00,0.25
Dec-11,ilorin,13.90,18.90,34.40,55.00,8.30,8.90,3.20,0.25
Jan-12,ilorin,14.10,18.40,34.20,50.00,6.50,7.90,8.00,0.25
Feb-12,ilorin,15.10,20.50,35.90,50.00,7.20,12.80,6.00,0.25
Mar-12,ilorin,15.30,23.70,37.20,70.00,7.90,10.40,6.00,13.80
Apr-12,ilorin,15.70,23.00,35.50,72.00,7.40,6.10,6.00,53.30
May-12,ilorin,15.80,22.90,33.20,77.00,5.40,5.50,5.00,145.10
Jun-12,ilorin,13.00,21.90,31.00,83.00,6.60,2.90,4.20,137.30
Jul-12,ilorin,11.80,21.80,29.70,86.00,4.80,3.10,5.00,85.10
Aug-12,ilorin,13.20,21.40,28.40,88.00,3.30,2.30,4.00,57.00
Sep-12,ilorin,14.30,20.90,29.70,87.00,4.80,2.50,3.00,173.60
Oct-12,ilorin,16.50,21.60,32.70,80.00,6.10,3.20,3.00,31.90
Nov-12,ilorin,18.00,22.40,35.50,70.00,8.60,6.70,3.00,0.25
Dec-12,ilorin,14.40,21.10,35.20,67.00,8.20,8.80,3.40,0.25
Jan-13,ilorin,15.10,18.10,32.30,39.00,6.30,3.50,5.00,7.20
Feb-13,ilorin,18.20,21.90,36.50,57.00,8.10,11.60,6.00,0.25
Mar-13,ilorin,16.90,24.60,36.70,70.00,7.80,8.70,7.00,28.40
Apr-13,ilorin,17.20,23.80,34.00,75.00,4.90,7.40,8.00,106.70
May-13,ilorin,16.20,23.50,33.50,74.00,6.50,4.50,6.00,45.80
Jun-13,ilorin,13.50,22.30,31.70,79.00,7.00,3.70,6.00,96.80
Jul-13,ilorin,11.00,22.30,29.50,86.00,5.20,3.20,2.00,160.00
Aug-13,ilorin,11.80,21.70,28.50,88.00,4.60,2.90,3.00,257.90
Sep-13,ilorin,12.60,21.80,29.80,84.00,5.20,2.80,2.00,93.30
Oct-13,ilorin,14.40,21.40,31.60,79.00,5.90,4.20,2.00,100.30
Nov-13,ilorin,16.20,21.40,34.10,76.00,7.90,7.30,1.00,5.90
Dec-13,ilorin,14.60,19.00,34.00,50.00,8.50,8.10,3.00,0.25
Jan-14,ilorin,14.30,20.90,34.80,61.00,6.90,10.80,2.00,0.25
Feb-14,ilorin,16.90,23.70,36.60,71.00,7.10,10.80,3.30,0.25
Mar-14,ilorin,17.20,24.20,37.10,64.00,6.90,7.90,3.40,25.30
Apr-14,ilorin,18.30,23.60,33.80,74.00,6.60,3.50,6.30,81.50
May-14,ilorin,17.50,23.60,33.10,75.00,6.60,5.50,5.00,98.00
Jun-14,ilorin,13.30,21.90,30.20,84.00,6.60,4.30,5.30,370.80
Jul-14,ilorin,12.80,21.50,29.00,85.00,4.30,2.70,5.60,94.20
Aug-14,ilorin,12.50,21.90,29.00,86.00,2.90,2.60,4.90,80.70
Sep-14,ilorin,14.50,21.30,29.30,86.00,4.10,2.80,4.40,105.20
Oct-14,ilorin,16.50,22.00,31.20,83.00,6.30,3.30,4.00,169.70
Nov-14,ilorin,17.10,21.20,32.20,75.00,7.70,6.40,4.40,8.10
Dec-14,ilorin,14.90,19.20,31.90,55.00,7.30,9.60,5.10,0.25
Jan-15,ilorin,12.30,20.10,36.00,58.00,7.20,8.00,3.60,0.25
Feb-15,ilorin,16.00,22.70,35.90,58.00,8.20,8.40,6.20,45.10
Mar-15,ilorin,16.70,23.70,36.60,62.00,6.70,9.50,6.20,77.50
Apr-15,ilorin,16.10,22.80,32.00,73.00,6.40,5.50,6.50,210.30
May-15,ilorin,16.00,22.70,30.00,81.00,6.70,5.00,4.50,310.40
Jun-15,ilorin,13.50,21.80,30.00,83.00,6.10,2.80,5.20,192.70
Jul-15,ilorin,10.10,21.50,29.00,86.00,2.60,2.80,5.60,156.80
Aug-15,ilorin,8.90,21.60,30.00,86.00,3.90,3.00,5.70,187.90
Sep-15,ilorin,13.70,21.70,31.00,86.00,3.70,2.10,4.10,104.10
Oct-15,ilorin,17.10,21.90,31.10,84.00,6.60,4.10,4.20,9.20
Nov-15,ilorin,18.00,21.90,34.00,76.00,8.30,5.70,3.00,0.25
Dec-15,ilorin,10.00,19.00,34.00,42.00,8.20,8.80,3.80,0.25
Jan-16,ilorin,16.00,24.00,37.00,70.00,7.90,10.00,3.30,8.00
Feb-16,ilorin,17.80,24.00,36.00,71.00,7.10,9.40,6.20,60.10
Mar-16,ilorin,17.30,25.00,35.00,75.00,7.10,6.30,6.20,108.80
Apr-16,ilorin,15.30,23.00,31.00,81.00,6.90,3.90,5.00,255.70
May-16,ilorin,14.40,23.00,30.00,85.00,5.70,3.30,6.00,211.50
Jun-16,ilorin,12.70,22.00,29.00,86.00,4.70,2.60,6.10,133.80
Jul-16,ilorin,10.80,21.00,28.00,84.00,4.00,2.70,6.50,63.80
Aug-16,ilorin,12.20,22.00,30.00,88.00,3.90,2.60,2.90,271.50
Sep-16,ilorin,17.00,22.00,31.00,84.00,6.50,2.90,3.60,179.80
Oct-16,ilorin,17.70,21.00,34.00,73.00,6.60,5.20,2.70,1.00
Nov-16,ilorin,15.10,21.00,34.00,71.00,8.10,7.00,2.30,11.90
Dec-16,ilorin,14.10,23.20,33.10,80.00,7.80,11.10,3.20,0.60
Jan-17,ilorin,17.00,24.10,36.20,72.00,7.70,8.90,4.40,10.00
Feb-17,ilorin,18.90,23.40,34.40,74.00,6.50,7.40,6.00,79.40
Mar-17,ilorin,16.80,23.90,35.70,74.00,6.20,6.30,6.80,97.50
Apr-17,ilorin,15.90,22.20,31.20,82.00,5.70,3.40,6.10,192.40
May-17,ilorin,14.30,21.80,30.60,83.00,6.40,2.90,4.80,129.70
Jun-17,ilorin,11.80,21.70,29.40,86.00,4.30,2.60,4.90,195.40
Jul-17,ilorin,12.60,21.40,27.60,87.00,6.10,2.90,5.50,86.00
Aug-17,ilorin,16.40,21.60,29.70,87.00,5.60,2.40,3.30,262.10
Sep-17,ilorin,17.30,21.80,31.50,83.00,7.60,2.90,3.80,250.70
Oct-17,ilorin,17.40,18.40,33.60,55.00,7.60,6.90,3.50,0.25
Nov-17,ilorin,14.70,16.50,33.80,56.00,8.00,6.60,2.70,0.25
Dec-17,ilorin,14.50,20.00,34.40,69.00,6.90,5.00,2.30,0.25
Jan-18,ilorin,16.20,20.50,36.70,47.00,8.10,7.60,2.50,0.25
Feb-18,ilorin,16.10,23.30,35.20,57.00,8.10,6.10,5.70,31.60
Mar-18,ilorin,16.90,23.30,32.70,74.00,7.10,6.30,5.10,98.90
Apr-18,ilorin,14.50,22.20,32.60,78.00,7.10,3.40,4.40,285.20
May-18,ilorin,15.30,20.80,31.70,81.00,6.50,2.90,5.50,158.20
Jun-18,ilorin,12.30,21.10,29.80,85.00,4.00,2.70,5.70,158.20
Jul-18,ilorin,11.00,20.20,29.60,82.00,3.10,2.40,6.40,199.30
Aug-18,ilorin,17.40,20.80,30.10,85.00,4.30,2.50,4.50,134.10
Sep-18,ilorin,16.00,21.00,31.50,76.00,5.70,2.90,3.10,142.70
Oct-18,ilorin,17.30,19.00,33.60,68.00,6.90,7.90,2.70,152.90
Nov-18,ilorin,14.50,17.00,34.60,58.00,6.70,9.70,3.50,0.30
Dec-18,ilorin,14.30,18.10,35.00,51.00,7.70,7.80,2.40,0.25
Jan-19,ilorin,17.80,21.30,36.60,53.00,7.70,9.70,2.90,0.25
Feb-19,ilorin,15.00,22.80,36.10,67.00,8.00,7.20,6.50,20.50
Mar-19,ilorin,16.40,22.90,34.40,71.00,6.70,6.00,5.90,106.10
Apr-19,ilorin,15.30,22.60,32.20,80.00,7.00,3.30,4.60,42.30
May-19,ilorin,13.40,21.40,30.50,80.00,6.50,2.70,4.90,241.10
Jun-19,ilorin,12.70,20.90,29.40,85.00,5.10,1.70,6.70,318.60
Jul-19,ilorin,10.40,20.80,28.30,84.00,3.80,1.70,6.60,226.30
Aug-19,ilorin,15.80,20.40,28.90,86.00,5.10,1.90,5.50,272.30
Sep-19,ilorin,16.70,20.60,31.10,82.00,6.50,2.60,4.50,224.50
Oct-19,ilorin,16.90,19.40,31.60,80.00,7.50,4.60,3.90,4.80
Nov-19,ilorin,15.60,17.30,33.30,72.00,7.70,6.70,3.40,14.00
Dec-19,ilorin,14.40,18.10,32.70,77.00,6.90,8.70,3.80,11.10
Jan-20,ilorin,17.60,22.00,34.40,73.00,7.90,8.50,4.80,1.20
Feb-20,ilorin,17.50,22.80,35.50,69.00,7.90,6.80,5.40,17.90
Mar-20,ilorin,17.40,22.80,33.30,74.00,7.20,4.30,6.50,223.90
Apr-20,ilorin,16.90,22.40,31.20,80.00,6.90,3.60,6.20,76.00
May-20,ilorin,14.50,21.50,31.20,84.00,7.00,3.20,6.00,177.20
Jun-20,ilorin,12.70,21.70,29.60,84.00,5.50,2.40,6.80,313.40
Jul-20,ilorin,13.50,21.20,28.30,86.00,3.70,2.80,7.00,209.10
Aug-20,ilorin,18.00,21.20,30.00,85.00,4.50,2.20,5.60,185.70
Sep-20,ilorin,17.00,21.50,31.10,82.00,6.40,2.30,4.80,122.80
Oct-20,ilorin,16.70,17.60,33.90,67.00,7.70,4.90,5.10,4.40
Nov-20,ilorin,14.90,19.10,33.90,76.00,7.80,4.00,3.50,0.25
Jan-91,sokoto,16.80,26.40,33.80,15.00,8.40,16.70,8.20,0.25
Feb-91,sokoto,18.00,18.50,35.00,17.00,9.00,19.30,6.90,0.25
Mar-91,sokoto,18.90,20.90,38.80,18.00,8.30,17.20,5.60,0.25
Apr-91,sokoto,16.70,24.90,40.90,25.00,7.10,16.90,9.10,7.20
May-91,sokoto,17.30,26.40,39.50,50.00,8.90,15.50,10.70,59.30
Jun-91,sokoto,11.60,24.40,34.90,62.00,9.00,10.10,7.70,138.00
Jul-91,sokoto,10.90,23.10,31.40,76.00,7.30,5.90,6.40,106.40
Aug-91,sokoto,11.10,22.50,31.20,78.00,5.00,4.60,6.90,192.90
Sep-91,sokoto,16.30,23.10,34.00,69.00,8.70,5.50,7.50,40.80
Oct-91,sokoto,16.70,23.00,36.20,59.00,8.40,10.70,9.20,12.90
Nov-91,sokoto,12.70,20.70,35.50,29.00,8.20,17.70,12.10,0.25
Dec-91,sokoto,15.30,15.10,30.40,27.00,9.50,17.80,8.60,0.25
Jan-92,sokoto,17.80,13.20,29.90,24.00,8.40,23.50,12.90,0.25
Feb-92,sokoto,15.20,18.30,34.80,16.00,9.60,22.80,12.90,0.25
Mar-92,sokoto,14.50,23.50,38.70,18.00,8.70,22.50,8.90,0.25
Apr-92,sokoto,12.20,26.30,39.70,28.00,7.70,20.50,10.30,0.25
May-92,sokoto,16.50,24.50,37.50,57.00,9.60,13.30,9.20,84.60
Jun-92,sokoto,15.70,25.80,36.10,58.00,8.80,12.20,8.40,54.30
Jul-92,sokoto,13.20,22.90,31.30,76.00,8.30,7.10,7.00,208.40
Aug-92,sokoto,17.10,22.30,31.90,73.00,6.20,6.90,6.00,133.40
Sep-92,sokoto,18.80,21.80,33.10,71.00,8.10,6.50,5.10,76.20
Oct-92,sokoto,17.50,23.20,37.50,45.00,9.80,10.50,10.70,0.25
Nov-92,sokoto,14.30,20.00,33.50,19.00,9.90,22.90,9.90,0.25
Dec-92,sokoto,16.30,16.60,33.40,23.00,9.40,20.10,7.90,0.25
Jan-93,sokoto,18.90,16.20,31.60,20.00,8.60,18.40,9.40,0.25
Feb-93,sokoto,18.20,18.80,33.50,17.00,1.00,21.20,11.90,0.25
Mar-93,sokoto,17.90,24.60,38.10,15.00,7.70,22.10,7.30,0.25
Apr-93,sokoto,15.60,27.90,40.40,35.00,8.70,20.10,8.00,0.25
May-93,sokoto,16.50,25.10,39.00,50.00,8.60,15.90,9.40,6.00
Jun-93,sokoto,15.70,23.70,37.00,56.00,9.50,12.60,9.10,38.40
Jul-93,sokoto,13.20,21.30,33.90,69.00,9.00,6.60,6.70,161.20
Aug-93,sokoto,17.10,22.60,30.30,81.00,6.10,4.90,5.20,300.30
Sep-93,sokoto,18.80,24.00,33.80,70.00,8.60,5.90,4.70,52.10
Oct-93,sokoto,17.50,23.90,35.90,61.00,8.60,12.60,9.90,11.10
Nov-93,sokoto,14.30,19.90,33.60,20.00,9.90,21.10,8.90,0.25
Dec-93,sokoto,16.50,17.20,32.60,16.00,9.10,19.90,7.80,0.25
Jan-94,sokoto,15.10,16.30,31.40,21.00,8.20,18.30,11.20,0.25
Feb-94,sokoto,16.40,15.40,33.40,19.00,9.90,22.20,12.60,0.25
Mar-94,sokoto,17.30,19.10,38.30,15.00,9.30,21.60,7.70,0.25
Apr-94,sokoto,16.00,27.00,41.00,16.00,9.00,21.20,9.60,0.25
May-94,sokoto,18.00,28.90,40.70,45.00,8.40,15.70,9.50,44.70
Jun-94,sokoto,13.90,25.50,35.80,61.00,9.20,12.30,10.30,154.30
Jul-94,sokoto,15.00,28.20,33.10,72.00,7.80,5.40,8.80,229.40
Aug-94,sokoto,16.50,23.50,31.60,77.00,4.50,5.20,5.50,127.90
Sep-94,sokoto,14.50,23.50,33.20,71.00,7.00,6.20,9.00,62.20
Oct-94,sokoto,17.60,23.20,36.60,28.00,9.60,17.80,9.40,0.25
Nov-94,sokoto,14.30,20.60,35.80,19.00,9.50,18.40,10.60,0.25
Dec-94,sokoto,15.30,19.10,33.60,23.00,8.50,18.50,9.10,0.25
Jan-95,sokoto,14.90,16.30,30.70,18.00,9.20,18.50,12.50,0.25
Feb-95,sokoto,17.00,18.80,38.80,12.00,9.70,21.50,11.20,0.25
Mar-95,sokoto,18.70,24.00,39.00,14.00,9.50,21.30,7.20,0.25
Apr-95,sokoto,16.90,26.40,40.10,15.00,8.00,22.20,9.10,0.25
May-95,sokoto,16.50,27.30,40.20,42.00,8.30,15.50,9.80,28.00
Jun-95,sokoto,15.70,25.40,35.60,61.00,9.00,12.50,9.40,95.20
Jul-95,sokoto,13.20,24.10,33.40,67.00,8.50,8.80,8.90,100.60
Aug-95,sokoto,17.10,24.50,34.00,65.00,5.80,8.60,8.60,117.80
Sep-95,sokoto,18.80,23.60,33.40,70.00,7.70,6.80,8.20,125.40
Oct-95,sokoto,17.50,24.80,37.10,47.00,9.60,12.30,9.40,0.25
Nov-95,sokoto,14.30,21.40,35.90,17.00,9.50,20.10,11.80,0.25
Dec-95,sokoto,14.50,17.10,30.10,20.00,9.40,20.20,9.20,0.25
Jan-96,sokoto,15.80,19.20,33.20,21.00,9.50,19.40,11.30,0.25
Feb-96,sokoto,16.70,18.30,32.40,13.00,9.50,23.10,7.30,0.25
Mar-96,sokoto,19.80,25.80,38.20,19.00,8.50,23.10,7.90,0.25
Apr-96,sokoto,20.70,25.60,40.40,17.00,8.50,23.40,7.20,0.25
May-96,sokoto,18.00,27.70,39.40,47.00,8.30,17.40,11.00,27.90
Jun-96,sokoto,13.90,26.10,36.10,57.00,8.10,14.50,8.00,95.20
Jul-96,sokoto,15.00,23.50,32.50,72.00,8.80,8.30,6.30,96.70
Aug-96,sokoto,16.50,23.20,31.50,76.00,6.40,5.80,6.30,135.10
Sep-96,sokoto,14.50,23.20,32.90,71.00,6.90,6.00,6.90,71.70
Oct-96,sokoto,17.60,23.80,37.10,29.00,9.80,14.50,8.50,0.25
Nov-96,sokoto,14.30,21.30,36.30,16.00,9.90,21.50,11.30,0.25
Dec-96,sokoto,15.30,17.30,30.00,20.00,9.70,20.10,8.90,0.25
Jan-97,sokoto,18.90,16.70,31.50,19.00,8.40,2.10,10.60,0.25
Feb-97,sokoto,18.20,21.40,36.70,14.00,9.00,2.20,9.10,0.25
Mar-97,sokoto,17.90,25.30,38.90,20.00,8.30,2.10,6.10,0.25
Apr-97,sokoto,15.60,28.90,41.20,42.00,7.10,1.80,7.20,0.25
May-97,sokoto,17.30,28.00,39.20,46.00,9.30,1.50,8.00,24.50
Jun-97,sokoto,11.60,26.60,37.50,53.00,8.70,14.40,10.90,36.40
Jul-97,sokoto,10.90,23.60,32.20,72.00,8.10,7.70,9.00,151.30
Aug-97,sokoto,11.10,22.90,31.90,77.00,5.70,5.70,6.60,139.20
Sep-97,sokoto,16.30,22.60,32.10,74.00,7.40,5.50,5.70,124.40
Oct-97,sokoto,16.70,23.60,36.10,47.00,9.70,1.20,5.40,0.25
Nov-97,sokoto,12.70,21.60,35.10,27.00,9.90,1.00,7.10,0.25
Dec-97,sokoto,16.30,16.50,30.00,18.00,7.70,1.90,8.60,0.25
Jan-98,sokoto,19.00,20.90,33.10,14.00,8.50,19.60,11.10,0.25
Feb-98,sokoto,19.30,24.00,35.90,12.00,9.50,22.00,8.60,0.25
Mar-98,sokoto,17.30,26.00,37.90,22.00,8.30,21.90,9.80,31.00
Apr-98,sokoto,18.60,24.20,39.70,15.00,6.50,28.50,8.70,0.25
May-98,sokoto,17.50,24.80,41.30,37.00,8.50,20.70,8.30,4.50
Jun-98,sokoto,14.10,25.20,36.70,58.00,8.40,13.20,9.30,49.10
Jul-98,sokoto,16.10,23.60,35.50,68.00,7.30,10.90,9.40,56.80
Aug-98,sokoto,16.10,22.70,32.90,72.00,7.60,7.50,7.70,130.50
Sep-98,sokoto,18.30,22.20,34.90,67.00,8.90,8.40,6.40,62.80
Oct-98,sokoto,17.10,21.60,36.60,52.00,9.30,14.60,5.60,38.50
Nov-98,sokoto,16.70,16.70,35.90,17.00,1.60,21.60,8.20,0.25
Dec-98,sokoto,16.50,13.90,32.30,25.00,9.90,22.20,10.30,0.25
Jan-99,sokoto,19.30,17.70,30.90,13.00,9.30,23.90,11.00,0.25
Feb-99,sokoto,17.50,19.70,34.30,14.00,9.90,26.60,10.90,0.25
Mar-99,sokoto,18.30,25.30,38.80,39.00,9.10,29.70,9.50,0.25
Apr-99,sokoto,16.70,28.20,40.10,45.00,6.40,21.50,7.50,5.80
May-99,sokoto,16.30,28.90,40.30,63.00,9.60,19.70,8.20,0.25
Jun-99,sokoto,15.50,25.30,35.70,73.00,8.80,13.00,9.80,107.30
Jul-99,sokoto,12.50,23.90,32.20,83.00,8.10,8.30,9.20,168.30
Aug-99,sokoto,12.60,22.50,28.90,75.00,7.20,4.30,6.30,227.90
Sep-99,sokoto,13.00,22.90,31.90,36.00,8.20,4.90,5.00,188.00
Oct-99,sokoto,11.70,22.70,36.30,21.00,9.20,14.50,6.10,0.25
Nov-99,sokoto,9.50,20.40,35.50,21.00,9.30,19.50,7.30,0.25
Dec-99,sokoto,15.30,17.30,30.40,20.00,1.00,21.90,7.10,0.25
Jan-00,sokoto,12.90,15.00,28.50,18.00,8.50,23.90,12.10,0.25
Feb-00,sokoto,15.20,17.70,31.30,15.00,9.90,26.60,11.90,0.25
Mar-00,sokoto,14.50,23.00,37.40,13.00,9.30,29.70,7.70,0.25
Apr-00,sokoto,12.20,25.40,40.70,26.00,9.00,21.50,6.50,0.25
May-00,sokoto,12.50,26.60,38.80,50.00,8.40,19.70,8.30,26.70
Jun-00,sokoto,11.00,24.80,36.30,57.00,9.20,13.00,10.10,163.50
Jul-00,sokoto,11.60,23.00,32.30,74.00,7.80,8.30,9.00,126.50
Aug-00,sokoto,16.50,23.00,31.20,79.00,6.20,4.30,7.60,192.50
Sep-00,sokoto,14.50,23.20,32.90,73.00,8.10,4.90,6.70,60.00
Oct-00,sokoto,16.50,23.20,35.10,48.00,9.80,14.50,6.10,16.60
Nov-00,sokoto,14.30,20.50,35.50,19.00,9.90,19.50,7.10,0.25
Dec-00,sokoto,14.50,18.00,31.90,27.00,9.40,21.90,9.10,0.25
Jan-01,sokoto,18.90,19.00,33.50,20.00,9.50,19.60,8.30,0.25
Feb-01,sokoto,18.20,19.00,33.00,20.00,9.50,22.40,10.20,0.25
Mar-01,sokoto,17.90,21.00,35.60,12.00,8.50,25.50,11.20,0.25
Apr-01,sokoto,15.60,27.70,41.00,36.00,8.90,17.50,6.90,0.25
May-01,sokoto,17.00,26.50,38.70,52.00,8.40,14.70,10.40,53.20
Jun-01,sokoto,15.20,26.20,37.50,57.00,9.10,12.90,11.30,72.70
Jul-01,sokoto,16.30,22.90,31.60,76.00,8.20,5.60,8.70,347.40
Aug-01,sokoto,17.00,23.30,32.10,75.00,5.90,4.80,6.80,109.60
Sep-01,sokoto,18.00,23.90,34.00,69.00,7.90,6.00,6.00,71.30
Oct-01,sokoto,14.60,24.00,37.30,44.00,9.10,12.50,4.80,0.25
Nov-01,sokoto,15.40,21.30,36.60,24.00,9.40,15.20,5.50,0.25
Dec-01,sokoto,15.30,20.30,35.00,23.00,8.40,14.70,5.60,0.25
Jan-02,sokoto,15.10,17.60,31.90,17.00,9.90,18.80,9.20,0.25
Feb-02,sokoto,16.40,22.40,37.30,16.00,9.60,18.30,5.80,2.80
Mar-02,sokoto,17.30,24.90,38.10,21.00,9.40,20.00,6.90,10.20
Apr-02,sokoto,16.00,27.10,39.50,39.00,8.70,15.10,6.20,18.30
May-02,sokoto,16.50,26.00,35.30,65.00,7.10,9.10,7.30,141.40
Jun-02,sokoto,14.50,25.10,34.90,66.00,8.40,7.80,6.90,117.00
Jul-02,sokoto,14.10,22.80,31.40,78.00,9.10,4.70,6.50,172.60
Aug-02,sokoto,16.00,22.90,30.90,79.00,7.70,3.40,6.10,211.30
Sep-02,sokoto,16.90,23.60,33.60,74.00,8.60,4.70,5.20,85.80
Oct-02,sokoto,16.30,23.50,35.90,57.00,8.60,8.20,4.30,12.10
Nov-02,sokoto,18.50,20.50,35.50,18.00,7.30,17.00,7.20,0.25
Dec-02,sokoto,16.30,17.10,31.20,19.00,8.30,17.10,9.10,0.25
Jan-03,sokoto,15.10,16.50,29.10,21.00,8.30,16.00,10.10,0.25
Feb-03,sokoto,16.40,18.80,33.00,19.00,8.40,22.40,10.50,0.25
Mar-03,sokoto,18.20,23.90,32.90,14.00,7.00,18.00,4.70,0.25
Apr-03,sokoto,17.60,26.90,40.40,41.00,8.00,18.30,5.50,0.25
May-03,sokoto,14.90,26.70,37.90,45.00,8.80,12.70,7.00,38.90
Jun-03,sokoto,15.10,25.50,36.40,59.00,8.70,10.80,7.70,61.90
Jul-03,sokoto,14.90,22.80,31.70,75.00,7.10,5.30,5.00,150.90
Aug-03,sokoto,16.60,22.70,31.90,82.00,7.70,4.40,4.10,132.50
Sep-03,sokoto,17.10,23.00,32.50,76.00,8.20,4.70,2.80,164.80
Oct-03,sokoto,17.10,23.70,36.60,64.00,9.40,9.70,2.40,0.25
Nov-03,sokoto,15.30,20.50,34.30,27.00,9.30,12.60,5.50,0.25
Dec-03,sokoto,16.50,17.00,32.50,21.00,9.30,13.30,5.60,0.25
Jan-04,sokoto,17.20,15.80,28.90,20.00,5.70,16.60,9.20,0.25
Feb-04,sokoto,18.90,19.80,35.70,15.00,8.30,16.30,5.80,0.25
Mar-04,sokoto,17.10,23.80,38.00,15.00,8.80,19.40,6.90,0.25
Apr-04,sokoto,18.90,26.20,40.90,32.00,8.70,16.10,6.20,5.00
May-04,sokoto,16.30,27.90,40.00,47.00,8.40,15.70,7.30,54.80
Jun-04,sokoto,15.70,25.90,37.00,58.00,9.40,10.50,6.90,39.70
Jul-04,sokoto,17.10,23.40,33.10,68.00,6.90,6.30,6.50,204.70
Aug-04,sokoto,16.80,23.20,31.80,81.00,6.00,4.10,6.10,238.20
Sep-04,sokoto,16.70,22.70,33.10,74.00,8.80,4.80,5.20,99.80
Oct-04,sokoto,17.30,23.60,37.10,54.00,9.60,9.20,4.30,0.25
Nov-04,sokoto,13.70,20.50,35.60,24.00,9.80,12.50,7.20,0.25
Dec-04,sokoto,15.30,17.90,33.30,20.00,8.90,13.60,9.10,0.25
Jan-05,sokoto,16.70,17.20,32.30,22.00,9.20,15.10,10.10,0.25
Feb-05,sokoto,16.20,18.70,34.00,18.00,9.80,19.30,10.50,0.25
Mar-05,sokoto,16.80,24.40,40.30,14.00,7.90,19.80,4.70,0.25
Apr-05,sokoto,17.20,27.40,40.40,25.00,9.00,15.90,5.50,0.25
May-05,sokoto,16.20,27.70,39.60,56.00,8.00,14.00,7.00,0.25
Jun-05,sokoto,15.50,25.30,36.80,65.00,9.30,11.00,7.70,51.80
Jul-05,sokoto,15.10,23.60,32.80,70.00,7.70,5.90,5.00,163.70
Aug-05,sokoto,16.90,25.90,31.90,79.00,6.80,3.40,4.10,355.60
Sep-05,sokoto,18.30,23.00,32.30,75.00,7.20,3.50,2.80,185.50
Oct-05,sokoto,18.00,23.70,35.10,50.00,9.10,6.10,2.40,5.50
Nov-05,sokoto,13.20,19.70,35.20,22.00,8.90,13.40,5.50,0.25
Dec-05,sokoto,14.50,16.20,30.40,23.00,9.10,14.40,5.60,0.25
Jan-06,sokoto,18.60,14.90,30.20,19.00,9.70,14.90,8.40,0.25
Feb-06,sokoto,18.30,17.00,33.10,18.00,8.70,17.00,3.70,0.25
Mar-06,sokoto,18.10,24.50,39.80,18.00,9.40,19.10,5.40,0.25
Apr-06,sokoto,17.80,26.90,40.30,37.00,8.30,17.40,4.90,2.70
May-06,sokoto,17.30,27.70,39.80,58.00,8.20,13.40,6.90,17.80
Jun-06,sokoto,14.90,26.90,37.80,65.00,9.50,12.10,8.40,23.70
Jul-06,sokoto,15.70,23.80,34.50,73.00,8.40,8.20,6.40,200.50
Aug-06,sokoto,16.50,22.50,31.50,77.00,7.70,3.60,4.70,170.40
Sep-06,sokoto,17.50,23.10,32.90,69.00,8.40,4.40,4.50,92.30
Oct-06,sokoto,16.40,23.70,36.90,57.00,8.00,8.90,2.90,2.40
Nov-06,sokoto,14.80,19.90,35.60,28.00,9.90,14.80,6.20,0.25
Dec-06,sokoto,15.60,18.80,35.10,27.00,9.40,15.10,5.90,0.25
Jan-07,sokoto,16.80,17.50,35.00,22.00,8.30,14.80,7.20,0.25
Feb-07,sokoto,19.10,20.80,37.50,22.00,8.60,16.90,8.10,0.25
Mar-07,sokoto,18.10,24.40,39.80,17.00,4.90,19.00,5.80,0.25
Apr-07,sokoto,19.20,20.80,40.80,33.00,6.90,17.10,7.30,0.25
May-07,sokoto,19.30,26.40,38.90,48.00,9.40,13.40,7.60,49.00
Jun-07,sokoto,17.80,24.50,35.00,61.00,9.40,7.80,9.10,194.40
Jul-07,sokoto,17.00,23.70,33.60,73.00,7.90,6.30,6.90,160.50
Aug-07,sokoto,15.40,22.60,31.80,81.00,7.50,4.00,5.20,240.90
Sep-07,sokoto,17.50,22.80,32.50,77.00,8.20,3.90,4.10,7.00
Oct-07,sokoto,18.10,22.90,36.70,56.00,8.20,8.50,4.60,15.10
Nov-07,sokoto,17.90,18.50,34.50,22.00,10.10,13.90,7.10,0.25
Dec-07,sokoto,14.90,17.00,34.90,27.00,9.10,14.20,11.10,0.25
Jan-08,sokoto,14.90,16.90,34.20,20.00,10.00,14.60,9.70,0.25
Feb-08,sokoto,17.00,16.40,31.60,16.00,8.90,18.50,10.00,0.25
Mar-08,sokoto,18.70,22.50,36.90,17.00,8.70,10.30,8.10,2.80
Apr-08,sokoto,16.90,25.90,40.10,33.00,7.10,15.50,8.40,1.80
May-08,sokoto,18.00,26.10,36.80,49.00,9.70,9.70,8.90,141.30
Jun-08,sokoto,16.50,24.10,34.90,54.00,9.00,7.40,11.20,152.80
Jul-08,sokoto,15.70,23.70,33.40,75.00,6.60,5.50,9.80,112.80
Aug-08,sokoto,13.20,22.70,32.60,84.00,8.50,3.40,6.70,175.70
Sep-08,sokoto,17.10,23.60,34.10,77.00,8.10,4.70,6.50,42.00
Oct-08,sokoto,18.80,24.70,37.60,54.00,8.80,7.70,5.20,16.30
Nov-08,sokoto,17.50,21.40,38.40,24.00,8.80,12.30,7.30,0.25
Dec-08,sokoto,14.30,18.00,34.40,24.00,8.50,14.20,8.20,0.25
Jan-09,sokoto,15.80,17.00,32.50,25.00,8.70,14.60,7.00,0.25
Feb-09,sokoto,16.70,21.40,37.00,23.00,10.10,18.10,7.50,0.25
Mar-09,sokoto,19.80,21.90,36.90,11.00,7.50,20.00,7.60,0.25
Apr-09,sokoto,20.70,28.20,42.10,33.00,8.60,17.30,7.10,10.00
May-09,sokoto,19.30,29.00,40.10,40.00,7.80,13.70,9.40,6.90
Jun-09,sokoto,18.00,26.10,36.70,62.00,7.60,9.30,9.80,88.70
Jul-09,sokoto,13.90,24.00,32.60,75.00,7.60,5.60,9.50,180.60
Aug-09,sokoto,15.00,23.00,31.10,77.00,7.20,2.60,7.20,183.10
Sep-09,sokoto,16.50,23.40,31.90,69.00,7.80,4.40,6.60,374.90
Oct-09,sokoto,14.50,24.30,36.70,51.00,8.10,6.10,5.80,1.70
Nov-09,sokoto,17.60,21.00,37.50,20.00,8.90,11.60,8.20,0.25
Dec-09,sokoto,14.30,18.20,33.40,24.00,5.10,14.10,7.80,0.25
Jan-10,sokoto,15.40,16.80,33.50,18.00,9.40,14.90,8.20,0.25
Feb-10,sokoto,18.00,19.70,35.80,13.00,9.10,18.20,11.50,0.25
Mar-10,sokoto,19.40,23.90,41.00,13.00,9.30,19.50,8.70,0.25
Apr-10,sokoto,19.20,27.10,40.80,34.00,9.10,17.60,8.10,0.25
May-10,sokoto,18.30,27.10,39.70,53.00,7.90,11.70,8.30,45.00
Jun-10,sokoto,19.10,26.30,37.40,62.00,8.30,10.20,8.40,42.60
Jul-10,sokoto,14.60,23.30,32.50,72.00,7.80,4.90,8.30,162.90
Aug-10,sokoto,16.10,22.40,29.90,79.00,7.50,2.40,6.50,304.30
Sep-10,sokoto,17.20,22.40,31.80,73.00,7.90,2.90,6.50,126.40
Oct-10,sokoto,18.30,22.40,34.80,42.00,8.40,6.40,6.40,30.40
Nov-10,sokoto,17.80,20.80,36.30,27.00,8.30,11.10,4.40,0.25
Dec-10,sokoto,15.40,16.50,32.70,24.00,6.80,11.70,7.30,0.25
Jan-11,sokoto,16.10,18.90,33.10,19.00,8.80,13.00,9.10,0.25
Feb-11,sokoto,18.20,16.90,31.20,19.00,7.20,14.20,9.50,0.25
Mar-11,sokoto,18.30,21.50,37.10,40.00,7.60,17.30,9.90,0.25
Apr-11,sokoto,18.60,26.60,42.20,48.00,7.40,14.50,8.20,0.25
May-11,sokoto,15.00,27.90,40.60,58.00,7.30,13.40,9.80,26.50
Jun-11,sokoto,16.60,25.20,36.30,74.00,7.90,8.90,9.50,59.70
Jul-11,sokoto,12.80,23.50,32.30,79.00,7.30,4.80,9.00,361.60
Aug-11,sokoto,13.90,22.80,31.30,73.00,1.60,3.40,6.60,159.80
Sep-11,sokoto,17.30,23.30,32.90,59.00,8.20,4.00,5.60,63.80
Oct-11,sokoto,17.80,23.00,35.50,26.00,8.90,6.70,6.00,48.60
Nov-11,sokoto,16.40,19.50,36.90,22.00,7.90,11.40,4.70,0.25
Dec-11,sokoto,15.70,16.60,32.50,25.00,9.60,11.00,6.40,0.25
Jan-12,sokoto,14.10,15.40,32.50,17.00,9.30,12.10,6.80,0.25
Feb-12,sokoto,17.20,17.50,33.40,17.00,7.10,13.80,5.90,0.25
Mar-12,sokoto,17.70,22.40,39.50,44.00,7.20,16.30,6.20,0.25
Apr-12,sokoto,19.00,26.80,40.30,42.00,7.30,14.40,7.60,24.10
May-12,sokoto,16.90,27.50,38.70,60.00,6.90,10.80,8.00,60.50
Jun-12,sokoto,17.80,25.60,35.70,73.00,6.90,8.20,8.90,36.80
Jul-12,sokoto,14.50,24.10,33.20,80.00,7.50,4.90,8.50,360.80
Aug-12,sokoto,14.70,22.90,31.10,73.00,6.10,2.80,6.10,141.90
Sep-12,sokoto,15.00,28.00,32.90,58.00,8.00,3.60,5.30,107.50
Oct-12,sokoto,16.60,22.90,36.40,28.00,8.20,8.70,5.10,0.25
Nov-12,sokoto,14.90,20.00,36.50,22.00,7.90,11.30,6.00,0.25
Dec-12,sokoto,16.50,18.30,35.20,23.00,8.20,11.60,7.30,0.25
Jan-13,sokoto,15.50,17.80,34.50,19.00,5.70,12.00,7.70,0.25
Feb-13,sokoto,19.30,24.30,39.50,19.00,8.30,12.20,9.80,0.25
Mar-13,sokoto,18.30,27.80,40.80,47.00,8.80,15.30,9.20,33.30
Apr-13,sokoto,20.20,28.30,40.80,48.00,7.60,12.20,6.10,30.80
May-13,sokoto,19.10,26.20,37.10,64.00,8.40,11.70,8.00,67.40
Jun-13,sokoto,18.30,24.00,33.30,75.00,6.70,8.90,8.80,231.60
Jul-13,sokoto,15.80,23.10,31.60,81.00,7.00,4.70,8.00,183.10
Aug-13,sokoto,13.90,23.10,32.90,70.00,6.70,3.00,6.10,179.20
Sep-13,sokoto,16.80,22.20,34.40,55.00,7.50,3.30,5.90,43.30
Oct-13,sokoto,17.70,19.60,36.10,27.00,7.50,5.20,6.10,0.25
Nov-13,sokoto,14.50,16.90,34.00,20.00,9.40,9.90,7.10,0.25
Dec-13,sokoto,15.90,19.50,34.90,25.00,8.60,10.50,5.60,0.25
Jan-14,sokoto,15.00,20.40,37.30,18.00,6.90,10.20,7.80,0.25
Feb-14,sokoto,17.30,22.40,38.10,23.00,8.30,13.30,9.10,0.25
Mar-14,sokoto,20.20,26.90,40.60,15.00,8.30,15.00,7.50,9.20
Apr-14,sokoto,18.60,26.70,40.80,29.00,7.70,11.90,8.80,17.50
May-14,sokoto,17.70,25.50,35.90,54.00,8.30,12.10,8.50,71.30
Jun-14,sokoto,17.00,24.00,33.10,65.00,6.90,7.90,8.80,287.90
Jul-14,sokoto,15.20,22.90,30.70,74.00,7.00,4.50,7.60,288.70
Aug-14,sokoto,11.60,23.30,32.30,79.00,8.40,2.50,6.10,108.20
Sep-14,sokoto,15.90,23.90,36.60,73.00,7.20,3.30,6.10,7.40
Oct-14,sokoto,15.30,20.90,37.20,50.00,6.30,5.90,5.70,0.25
Nov-14,sokoto,16.20,16.70,33.20,25.00,8.20,10.80,8.20,0.25
Dec-14,sokoto,15.30,20.30,33.30,23.00,6.40,9.70,5.90,0.25
Jan-15,sokoto,15.70,20.00,35.00,24.00,7.50,18.30,7.90,0.25
Feb-15,sokoto,18.10,22.00,37.00,20.00,6.80,22.20,7.80,0.25
Mar-15,sokoto,19.30,27.00,41.00,16.00,3.70,21.60,7.60,0.25
Apr-15,sokoto,18.20,26.00,38.00,19.00,4.60,21.20,6.60,11.10
May-15,sokoto,18.40,25.00,35.00,51.00,7.60,12.40,8.20,114.10
Jun-15,sokoto,17.50,23.00,33.00,56.00,6.20,7.30,8.10,128.90
Jul-15,sokoto,16.10,23.00,32.00,67.00,8.30,4.10,7.70,296.50
Aug-15,sokoto,15.00,23.00,34.00,81.00,7.30,2.70,6.00,67.20
Sep-15,sokoto,16.20,23.00,39.00,75.00,7.50,4.10,5.30,0.25
Oct-15,sokoto,17.70,22.00,37.00,61.00,7.70,8.50,4.40,8.90
Nov-15,sokoto,16.50,19.00,40.00,24.00,9.90,17.60,7.30,0.25
Dec-15,sokoto,16.30,17.10,35.50,31.00,5.90,17.80,11.10,0.25
Jan-16,sokoto,17.30,16.60,31.10,13.00,8.20,18.30,6.80,0.25
Feb-16,sokoto,18.40,23.70,38.80,9.00,9.10,20.70,8.10,0.25
Mar-16,sokoto,18.80,26.00,41.30,13.00,6.70,20.60,7.50,0.25
Apr-16,sokoto,19.10,27.50,42.00,34.00,6.80,17.10,7.60,0.25
May-16,sokoto,19.00,27.20,38.80,41.00,7.50,15.20,8.60,104.50
Jun-16,sokoto,17.10,25.20,34.70,61.00,8.10,10.50,7.60,82.50
Jul-16,sokoto,16.00,23.50,32.90,76.00,6.90,8.00,6.10,146.70
Aug-16,sokoto,15.30,23.30,31.30,83.00,7.50,6.40,4.60,171.10
Sep-16,sokoto,17.20,23.40,33.50,72.00,8.00,6.90,5.90,124.30
Oct-16,sokoto,17.70,22.60,36.60,39.00,8.20,11.40,4.90,3.50
Nov-16,sokoto,17.20,20.50,35.10,17.00,8.30,17.20,7.10,0.25
Dec-16,sokoto,16.50,18.40,35.30,15.00,6.80,17.20,8.20,0.25
Jan-17,sokoto,16.30,20.00,36.00,20.00,8.70,17.20,9.40,0.25
Feb-17,sokoto,16.30,21.50,38.30,12.00,9.10,20.10,9.10,0.25
Mar-17,sokoto,17.40,23.60,40.20,13.00,9.40,20.40,6.60,0.25
Apr-17,sokoto,19.70,25.90,42.00,34.00,8.70,17.90,8.80,0.25
May-17,sokoto,17.70,26.80,39.40,50.00,7.10,15.50,8.70,19.40
Jun-17,sokoto,17.50,26.40,37.10,61.00,8.40,12.20,8.60,40.60
Jul-17,sokoto,16.10,24.60,34.50,74.00,9.10,9.50,7.70,153.70
Aug-17,sokoto,14.60,22.80,31.10,82.00,7.70,6.60,6.80,314.70
Sep-17,sokoto,17.30,23.00,31.90,75.00,8.60,5.50,6.70,181.30
Oct-17,sokoto,16.60,23.30,35.30,39.00,8.60,11.20,5.50,29.80
Nov-17,sokoto,16.40,19.30,32.00,42.00,7.90,16.70,7.90,0.25
Dec-17,sokoto,15.30,16.40,32.70,54.00,9.60,17.50,5.30,0.25
Jan-18,sokoto,15.30,19.00,36.80,12.00,1.50,15.60,9.60,0.25
Feb-18,sokoto,17.50,19.30,36.80,23.00,8.20,21.20,7.70,0.25
Mar-18,sokoto,18.40,22.20,38.80,11.00,1.90,19.90,5.80,0.25
Apr-18,sokoto,17.90,27.90,41.50,39.00,1.90,20.50,4.80,6.60
May-18,sokoto,18.00,27.60,39.80,49.00,1.80,15.70,6.70,45.60
Jun-18,sokoto,17.30,25.90,37.10,61.00,1.90,12.30,8.80,65.90
Jul-18,sokoto,14.60,24.20,33.20,72.00,1.40,7.90,9.10,183.40
Aug-18,sokoto,13.10,23.00,30.70,83.00,7.50,5.90,7.10,235.60
Sep-18,sokoto,14.90,22.20,31.20,75.00,8.20,6.60,6.80,99.10
Oct-18,sokoto,15.60,22.30,35.10,67.00,9.40,10.20,3.80,0.25
Nov-18,sokoto,17.50,28.40,36.80,33.00,7.90,11.20,6.00,0.25
Dec-18,sokoto,14.50,17.30,33.70,20.00,8.20,16.50,8.20,0.25
Jan-91,enugu,12.70,21.10,33.90,50.00,7.60,7.20,4.00,0.25
Feb-91,enugu,14.80,23.90,34.70,70.00,6.80,7.10,4.00,33.50
Mar-91,enugu,17.20,23.70,33.50,71.00,6.70,6.60,6.00,21.80
Apr-91,enugu,13.60,23.80,34.20,76.00,5.10,5.20,6.00,151.90
May-91,enugu,13.10,22.90,32.10,78.00,6.80,3.00,5.00,238.00
Jun-91,enugu,12.10,22.70,31.40,82.00,5.60,2.90,5.00,221.20
Jul-91,enugu,9.90,22.20,29.90,80.00,3.40,2.40,5.00,238.50
Aug-91,enugu,10.30,22.10,29.70,81.00,3.80,2.30,5.00,108.70
Sep-91,enugu,11.70,21.90,29.60,85.00,3.80,2.60,4.00,225.00
Oct-91,enugu,13.90,21.80,29.80,79.00,5.70,2.40,4.00,154.20
Nov-91,enugu,13.50,21.70,31.60,65.00,7.90,3.60,4.00,56.10
Dec-91,enugu,12.00,20.30,31.80,69.00,8.10,7.30,4.00,0.25
Jan-92,enugu,14.40,19.40,32.20,59.00,7.80,8.80,6.00,6.40
Feb-92,enugu,14.40,22.10,35.40,73.00,6.10,9.00,5.00,109.50
Mar-92,enugu,14.50,23.90,34.90,76.00,5.20,7.00,6.00,72.60
Apr-92,enugu,13.20,23.10,34.60,70.00,6.10,6.00,7.00,134.90
May-92,enugu,12.40,22.20,30.90,79.00,6.30,4.10,5.00,301.80
Jun-92,enugu,12.80,22.90,30.50,82.00,5.40,2.90,6.00,153.90
Jul-92,enugu,10.30,21.80,29.10,82.00,4.40,2.30,5.00,227.10
Aug-92,enugu,10.30,21.90,29.40,87.00,2.90,2.40,5.00,213.60
Sep-92,enugu,12.00,22.20,30.20,81.00,4.70,2.30,6.00,253.20
Oct-92,enugu,12.50,21.90,31.30,81.00,4.70,2.60,48.00,301.80
Nov-92,enugu,14.60,20.30,32.10,78.00,6.30,6.10, -   ,32.30
Dec-92,enugu,13.20,20.30,34.20,49.00,7.20,5.10, -   ,36.30
Jan-93,enugu,13.40,22.20,34.20,47.00,6.90,6.90,5.00,22.10
Feb-93,enugu,16.40,22.90,34.30,62.00,5.20,8.20,6.00,3.10
Mar-93,enugu,12.50,23.70,33.90,69.00,5.50,6.10,5.80,54.80
Apr-93,enugu,13.30,23.60,34.20,74.00,5.90,5.00,6.00,29.70
May-93,enugu,13.50,23.10,31.90,81.00,5.40,3.10,4.70,205.60
Jun-93,enugu,11.10,23.20,29.80,82.00,5.60,2.70,5.00,321.40
Jul-93,enugu,9.60,22.20,29.60,84.00,3.20,2.40,6.00,158.50
Aug-93,enugu,8.90,22.90,29.70,84.00,3.50,2.80,7.00,182.90
Sep-93,enugu,11.80,21.80,28.90,84.00,4.40,2.30,5.00,298.60
Oct-93,enugu,12.90,21.90,31.20,82.00,4.60,2.60,5.00,267.10
Nov-93,enugu,14.80,21.70,32.30,61.00,6.60,4.80,5.00,0.25
Dec-93,enugu,14.80,20.30,33.30,69.00,6.60,5.20,5.00,2.00
Jan-94,enugu,13.20,19.20,32.20,63.00,5.50,14.40,11.00,1.80
Feb-94,enugu,16.40,23.10,35.80,59.00,6.90,9.70,7.00,2.00
Mar-94,enugu,14.70,23.80,36.50,68.00,5.70,10.70,6.00,102.30
Apr-94,enugu,13.10,25.50,36.70,73.00,6.50,7.80,8.00,236.40
May-94,enugu,12.90,23.60,30.30,80.00,5.70,4.20,7.00,239.50
Jun-94,enugu,12.30,22.80,30.20,82.00,5.70,2.90,7.00,489.60
Jul-94,enugu,10.20,21.90,29.40,84.00,3.40,7.70,7.00,87.00
Aug-94,enugu,9.60,21.70,29.80,80.00,3.20,2.40,7.00,183.80
Sep-94,enugu,13.00,22.60,31.50,84.00,3.90,2.30,6.00,364.60
Oct-94,enugu,13.50,22.80,33.70,83.00,5.80,3.10,5.00,260.40
Nov-94,enugu,13.20,23.10,33.20,64.00,6.70,4.10,5.00,15.40
Dec-94,enugu,13.40,22.10,32.90,69.00,7.90,5.50,5.00,0.30
Jan-95,enugu,12.30,20.10,34.40,18.00,6.50,9.70,6.00,0.00
Feb-95,enugu,14.30,23.90,35.90,56.00,5.40,8.90,6.00,24.20
Mar-95,enugu,14.30,24.80,34.80,57.00,6.20,7.00,8.00,56.70
Apr-95,enugu,13.70,23.70,32.70,65.00,6.70,5.00,7.00,76.00
May-95,enugu,13.80,22.90,31.90,77.00,5.70,3.90,5.00,314.10
Jun-95,enugu,12.70,21.90,31.00,81.00,4.90,3.10,6.00,228.70
Jul-95,enugu,10.10,21.70,29.50,83.00,3.70,2.60,5.00,228.60
Aug-95,enugu,8.10,21.80,29.80,83.00,2.50,2.50,6.00,316.70
Sep-95,enugu,10.40,21.10,29.90,82.00,3.00,2.60,5.00,594.60
Oct-95,enugu,12.90,22.30,30.60,77.00,5.10,2.80,5.00,176.80
Nov-95,enugu,15.80,22.10,31.80,71.00,6.50,3.90,4.00,74.40
Dec-95,enugu,14.40,20.20,32.20,66.00,7.10,7.60,6.00,0.25
Jan-96,enugu,13.30,23.10,34.20,51.00,4.40,5.80,5.00,4.30
Feb-96,enugu,15.50,21.30,35.40,62.00,6.80,11.30,5.00,1.60
Mar-96,enugu,13.00,23.90,34.20,67.00,4.90,6.40,6.00,30.90
Apr-96,enugu,13.30,23.50,32.10,73.00,6.40,3.90,6.00,85.80
May-96,enugu,13.50,22.70,32.30,78.00,5.80,3.50,7.00,194.60
Jun-96,enugu,12.80,22.90,30.30,80.00,4.00,2.80,6.00,219.20
Jul-96,enugu,8.90,21.70,30.20,83.00,3.60,2.20,5.00,270.60
Aug-96,enugu,8.70,21.60,29.60,83.00,2.60,2.20,5.00,185.70
Sep-96,enugu,12.50,21.50,29.90,82.00,4.30,2.30,4.00,395.90
Oct-96,enugu,13.40,22.20,31.20,79.00,5.20,2.90,5.00,315.60
Nov-96,enugu,16.00,23.10,33.30,71.00,6.80,3.50,4.00,0.25
Dec-96,enugu,13.70,20.30,32.40,53.00,7.10,7.80,6.00,0.25
Jan-97,enugu,13.20,22.20,34.40,73.00,4.90,7.00,5.00,27.00
Feb-97,enugu,12.60,23.90,35.80,53.00,6.00,6.50,6.00,57.30
Mar-97,enugu,12.30,23.70,33.20,71.00,4.80,5.50,7.00,49.30
Apr-97,enugu,13.40,23.80,34.30,78.00,5.20,4.80,7.00,115.80
May-97,enugu,14.80,22.60,32.10,78.00,6.20,3.40,6.00,315.50
Jun-97,enugu,11.70,22.80,31.40,81.00,6.30,3.00,6.00,216.20
Jul-97,enugu,9.20,21.80,29.40,83.00,5.40,2.60,7.00,265.30
Aug-97,enugu,8.60,21.80,29.20,84.00,4.80,2.70,7.00,92.30
Sep-97,enugu,10.80,21.90,29.90,83.00,4.40,2.60,6.00,218.10
Oct-97,enugu,13.70,22.60,30.90,79.00,5.50,2.80,6.00,209.80
Nov-97,enugu,16.40,22.10,32.10,79.00,6.40,3.60,5.00,0.25
Dec-97,enugu,14.30,19.30,32.30,49.00,6.20,8.30,7.00,0.25
Jan-98,enugu,12.80,22.70,34.40,56.00,5.60,7.70,6.00,0.25
Feb-98,enugu,15.30,22.20,34.90,72.00,4.90,6.30,6.00,0.25
Mar-98,enugu,11.70,24.20,35.20,67.00,5.20,6.40,7.00,4.00
Apr-98,enugu,11.60,24.20,35.40,73.00,5.60,5.60,7.00,3.30
May-98,enugu,13.60,23.70,33.90,76.00,6.10,4.70,8.00,186.00
Jun-98,enugu,12.50,22.50,30.80,80.00,4.80,3.10,6.00,101.10
Jul-98,enugu,10.80,22.50,31.20,81.00,4.00,2.80,6.00,251.40
Aug-98,enugu,9.50,22.80,29.90,84.00,4.60,2.20,6.00,92.20
Sep-98,enugu,12.50,22.60,31.20,83.00,4.50,2.40,5.00,248.20
Oct-98,enugu,13.70,22.70,32.10,78.00,6.00,2.70,5.00,24.20
Nov-98,enugu,14.70,23.60,34.40,71.00,6.80,4.80,5.00,0.25
Dec-98,enugu,13.80,23.10,34.20,63.00,5.30,7.00,6.00,2.70
Jan-99,enugu,12.70,21.40,34.20,52.00,5.80,8.00,6.00,0.25
Feb-99,enugu,14.20,25.00,36.90,67.00,6.20,7.80,6.00,0.25
Mar-99,enugu,13.70,25.20,35.20,72.00,5.50,5.80,8.00,16.10
Apr-99,enugu,12.70,23.90,34.30,72.00,6.50,4.90,8.00,137.90
May-99,enugu,13.30,23.90,32.40,79.00,6.30,3.40,6.00,130.60
Jun-99,enugu,12.80,23.60,30.80,79.00,5.40,2.70,6.00,350.50
Jul-99,enugu,10.40,22.90,29.90,81.00,2.70,2.30,6.00,305.60
Aug-99,enugu,9.70,22.60,29.70,81.00,3.90,2.70,7.00,385.80
Sep-99,enugu,11.00,22.10,30.30,84.00,4.30,2.10,6.00,309.50
Oct-99,enugu,13.50,21.90,31.10,82.00,5.90,2.40,5.00,122.50
Nov-99,enugu,15.10,22.30,33.20,75.00,7.10,3.70,46.00,20.90
Dec-99,enugu,13.10,19.30,32.40,60.00,5.50,5.20,6.00,0.25
Jan-00,enugu,12.20,19.80,33.30,26.00,5.70,11.00,9.00,16.60
Feb-00,enugu,12.80,21.00,35.20,39.00,4.90,11.70,8.00,0.25
Mar-00,enugu,13.30,24.80,35.90,67.00,5.40,7.00,8.00,206.10
Apr-00,enugu,12.90,24.50,33.80,72.00,6.10,5.70,8.00,127.80
May-00,enugu,13.30,23.30,31.10,79.00,6.20,2.80,6.00,291.70
Jun-00,enugu,12.40,22.50,31.40,82.00,5.10,2.50,5.00,202.80
Jul-00,enugu,10.60,22.40,29.90,84.00,5.30,2.10,4.00,193.50
Aug-00,enugu,11.40,22.50,29.40,87.00,4.30,1.70,5.00,462.60
Sep-00,enugu,11.60,22.40,29.80,83.00,4.70,2.20,5.00,259.40
Oct-00,enugu,12.00,22.50,30.50,82.00,6.10,2.40,5.00,157.80
Nov-00,enugu,13.80,21.10,33.30,74.00,7.60,4.10,4.00,12.60
Dec-00,enugu,14.90,19.30,33.20,56.00,7.60,6.70,5.00,0.25
Jan-01,enugu,12.80,20.40,33.90,66.00,4.00,6.40,5.40,2.10
Feb-01,enugu,14.40,21.50,35.30,50.00,6.90,9.90,6.80,9.80
Mar-01,enugu,14.70,23.90,37.50,53.00,5.20,10.90,6.20,127.10
Apr-01,enugu,13.50,24.00,34.40,73.00,6.20,5.30,7.50,97.80
May-01,enugu,13.20,23.60,32.10,78.00,6.20,3.50,6.70,238.90
Jun-01,enugu,12.40,22.80,30.70,81.00,5.30,2.60,6.70,141.90
Jul-01,enugu,10.20,22.80,29.00,86.00,3.50,2.40,6.10,270.40
Aug-01,enugu,9.60,22.50,29.30,83.00,2.90,1.80,6.10,198.80
Sep-01,enugu,12.40,22.50,29.80,84.00,3.80,1.90,6.10,206.30
Oct-01,enugu,13.10,22.50,30.70,81.00,5.70,2.50,5.50,101.60
Nov-01,enugu,14.30,22.80,32.20,76.00,8.50,3.30,4.50,55.90
Dec-01,enugu,13.60,20.00,32.10,75.00,5.10,3.90,4.50,0.25
Jan-02,enugu,13.70,21.40,33.50,55.00,8.00,7.20,6.10,0.25
Feb-02,enugu,14.80,23.00,35.30,71.00,6.90,6.40,6.70,0.25
Mar-02,enugu,13.60,25.10,34.50,73.00,6.20,5.50,6.90,33.00
Apr-02,enugu,13.60,23.70,32.00,80.00,6.80,3.10,6.10,148.70
May-02,enugu,13.50,23.00,31.20,83.00,5.80,2.30,5.10,173.60
Jun-02,enugu,12.40,22.70,31.10,83.00,4.50,2.20,5.90,200.50
Jul-02,enugu,9.40,22.70,29.30,86.00,3.70,1.80,5.00,245.10
Aug-02,enugu,7.90,21.90,29.20,86.00,2.80,1.70,5.90,292.30
Sep-02,enugu,11.10,22.70,30.20,84.00,4.00,2.20,4.70,222.70
Oct-02,enugu,13.50,22.40,30.30,80.00,5.50,2.50,4.60,135.70
Nov-02,enugu,13.90,21.10,32.40,78.00,7.90,3.40,3.40,0.25
Dec-02,enugu,13.80,17.80,32.10,50.00,7.40,7.20,6.10,0.25
Jan-03,enugu,12.50,19.80,32.50,42.00,5.60,9.60,7.20,7.10
Feb-03,enugu,14.00,22.10,35.90,49.00,5.80,11.30,5.90,0.25
Mar-03,enugu,12.20,24.90,34.40,73.00,7.30,5.70,5.10,46.40
Apr-03,enugu,11.90,24.30,33.20,78.00,6.20,4.20,4.60,95.30
May-03,enugu,13.20,22.70,31.90,80.00,5.50,3.10,4.20,154.90
Jun-03,enugu,12.10,22.60,29.80,82.00,5.30,2.40,4.50,220.30
Jul-03,enugu,10.80,22.80,29.30,84.00,3.00,2.10,5.60,219.30
Aug-03,enugu,9.30,22.60,28.80,83.00,3.10,2.30,7.10,226.40
Sep-03,enugu,11.40,22.70,30.00,85.00,3.80,2.10,5.20,285.20
Oct-03,enugu,12.80,22.10,30.80,82.00,6.00,2.70,4.80,206.10
Nov-03,enugu,14.40,20.30,31.60,67.00,6.10,4.30,5.60,0.25
Dec-03,enugu,13.60,20.40,38.30,59.00,5.60,6.50,5.80,0.25
Jan-04,enugu,11.90,21.70,33.30,42.00,5.80,9.70,6.70,0.25
Feb-04,enugu,12.50,24.60,35.40,52.00,6.30,9.20,5.20,0.25
Mar-04,enugu,12.70,24.50,34.30,67.00,5.70,7.30,7.10,4.40
Apr-04,enugu,12.10,23.80,33.30,76.00,5.60,4.70,6.70,167.90
May-04,enugu,12.40,23.40,32.10,79.00,4.80,3.40,5.30,278.70
Jun-04,enugu,11.10,23.10,30.70,81.00,5.30,2.80,5.20,182.60
Jul-04,enugu,11.00,22.00,29.60,83.00,3.00,2.60,6.20,162.20
Aug-04,enugu,10.70,22.50,29.10,87.00,2.60,1.90,5.40,413.40
Sep-04,enugu,11.20,22.90,30.30,85.00,3.50,2.30,4.60,217.40
Oct-04,enugu,13.90,22.30,31.10,82.00,4.80,2.50,4.60,217.10
Nov-04,enugu,14.90,19.70,32.40,75.00,6.70,3.10,4.60,0.25
Dec-04,enugu,13.60,20.40,31.90,88.00,6.40,6.00,5.90,0.25
Jan-05,enugu,13.50,22.40,32.60,60.00,5.20,7.00,6.10,0.50
Feb-05,enugu,14.50,20.00,35.10,66.00,7.00,7.40,3.90,0.50
Mar-05,enugu,15.70,23.10,35.70,68.00,3.20,7.20,7.00,0.25
Apr-05,enugu,15.20,23.00,33.30,76.00,5.40,4.60,5.90,181.50
May-05,enugu,12.20,22.80,31.70,82.00,4.90,2.80,4.90,89.70
Jun-05,enugu,13.70,22.80,30.90,84.00,3.90,2.70,5.30,279.40
Jul-05,enugu,10.80,23.00,29.60,85.00,3.10,2.20,5.80,508.30
Aug-05,enugu,9.70,22.90,28.20,88.00,2.50,1.70,6.00,359.10
Sep-05,enugu,11.10,22.80,30.00,86.00,3.30,2.20,5.10,317.50
Oct-05,enugu,13.50,21.90,30.90,83.00,4.90,2.30,4.20,318.80
Nov-05,enugu,15.10,21.70,32.70,69.00,7.20,4.80,4.90,2.30
Dec-05,enugu,13.10,20.30,32.80,36.00,8.20,9.40,7.20,25.80
Jan-06,enugu,13.20,21.00,33.60,41.00,5.90,8.90,5.80,0.25
Feb-06,enugu,14.30,24.50,35.50,62.00,6.20,8.30,4.80,37.60
Mar-06,enugu,15.00,24.90,35.00,72.00,6.00,6.30,6.30,63.40
Apr-06,enugu,15.20,26.00,33.90,75.00,5.80,4.50,5.60,197.10
May-06,enugu,16.00,25.00,31.60,82.00,6.10,0.70,4.70,346.40
Jun-06,enugu,14.20,23.00,30.50,84.00,5.20,2.30,5.40,244.80
Jul-06,enugu,10.20,23.10,29.50,85.00,3.50,2.10,5.40,320.20
Aug-06,enugu,10.60,23.20,29.40,89.00,2.60,1.80,4.60,264.50
Sep-06,enugu,13.50,23.00,30.60,84.00,4.60,2.30,4.70,230.50
Oct-06,enugu,13.30,23.00,30.80,82.00,5.90,7.10,4.50,253.50
Nov-06,enugu,16.80,23.50,32.20,64.00,6.40,4.80,5.50,2.50
Dec-06,enugu,14.50,20.90,33.50,68.00,6.40,5.50,4.50,0.70
Jan-07,enugu,12.90,22.20,34.40,74.00,5.60,5.60,4.70,0.25
Feb-07,enugu,17.40,24.90,35.00,70.00,5.10,6.10,5.90,0.25
Mar-07,enugu,14.30,21.60,34.40,74.00,6.70,5.60,6.50,111.50
Apr-07,enugu,14.90,24.30,32.80,77.00,6.10,4.40,6.20,200.90
May-07,enugu,16.50,23.00,31.00,80.00,6.20,3.20,6.30,194.00
Jun-07,enugu,14.10,23.00,31.20,82.00,4.80,2.70,5.60,354.00
Jul-07,enugu,10.50,22.50,29.70,85.00,2.70,2.30,5.80,313.00
Aug-07,enugu,9.70,22.70,29.30,86.00,2.60,2.10,5.50,149.30
Sep-07,enugu,12.60,22.30,30.40,82.00,3.50,2.40,5.40,249.70
Oct-07,enugu,14.80,22.40,30.70,82.00,5.60,2.70,5.00,105.30
Nov-07,enugu,16.20,23.00,32.40,61.00,8.30,5.80,5.60,28.80
Dec-07,enugu,14.50,19.10,33.50,70.00,7.80,5.60,4.10,0.25
Jan-08,enugu,15.00,22.60,33.30,64.00,6.60,7.00,5.10,0.25
Feb-08,enugu,17.30,21.40,36.10,31.00,5.90,13.00,7.80,5.10
Mar-08,enugu,16.10,23.40,35.00,68.00,6.50,6.40,5.60,62.80
Apr-08,enugu,15.20,24.00,32.70,81.00,6.30,3.30,5.60,148.90
May-08,enugu,14.40,23.80,31.60,80.00,7.10,2.80,4.30,109.90
Jun-08,enugu,13.30,22.50,29.40,82.00,5.40, -   ,5.20,263.70
Jul-08,enugu,12.90,22.80,29.00,81.00,5.30, -   ,6.50,186.70
Aug-08,enugu,12.90,21.90,29.20,85.00,4.80,2.00,5.60,389.80
Sep-08,enugu,15.30,22.90,29.80,85.00,4.30,2.40,5.40,243.50
Oct-08,enugu,14.60,22.70,31.40,82.00,5.20,2.30,4.70,72.90
Nov-08,enugu,14.00,23.40,33.00,80.00,6.80,2.80,3.90,82.90
Dec-08,enugu,14.50,19.80,33.40,62.00,7.10,5.10,5.00,11.60
Jan-09,enugu,13.90,19.40,33.00,43.00,7.50,8.20,7.20,33.80
Feb-09,enugu,15.40,21.80,36.90,57.00,6.60,8.10,5.90,0.25
Mar-09,enugu,16.60,24.60,36.40,59.00,5.70,8.70,6.40,9.70
Apr-09,enugu,14.70,23.90,35.00,75.00,6.20,4.90,6.90,144.50
May-09,enugu,15.30,23.00,33.00,79.00,7.00,3.20,5.80,211.20
Jun-09,enugu,14.10,23.00,32.00,83.00,5.10,2.60,5.20,140.00
Jul-09,enugu,12.50,21.90,30.30,81.00,3.50,2.40,6.40,216.00
Aug-09,enugu,11.30,21.70,29.60,81.00,4.60,2.60,0.70,187.20
Sep-09,enugu,13.10,22.60,30.00,85.00,4.40,2.30,5.70,331.90
Oct-09,enugu,14.70,22.30,31.00,83.00,5.50,2.50,4.60,181.60
Nov-09,enugu,16.70,22.10,33.90,78.00,6.40,3.90,3.80,0.25
Dec-09,enugu,15.00,20.20,33.50,59.00,6.20,6.10,5.30,0.25
Jan-10,enugu,13.90,18.30,33.90,64.00,7.20,6.40,5.90,1.60
Feb-10,enugu,17.20,21.20,34.60,72.00,6.40,5.30,6.00,0.25
Mar-10,enugu,15.60,22.60,35.00,73.00,5.90,6.10,8.00,90.20
Apr-10,enugu,14.60,22.90,33.60,74.00,6.10,4.60,6.40,194.10
May-10,enugu,16.00,22.70,32.00,82.00,6.90,3.10,5.80,263.90
Jun-10,enugu,12.70,22.10,31.00,82.00,5.30,2.70,5.20,356.70
Jul-10,enugu,11.60,21.90,30.10,86.00,3.70,2.40,5.90,340.20
Aug-10,enugu,11.60,22.20,30.10,83.00,3.90,2.50,6.00,432.10
Sep-10,enugu,13.60,21.40,30.00,84.00,4.50,2.30,5.10,192.40
Oct-10,enugu,14.60,21.90,30.30,83.00,6.00,2.30,4.60,261.70
Nov-10,enugu,16.20,20.10,32.90,78.00,6.80,3.30,3.70,35.00
Dec-10,enugu,15.80,21.60,33.30,58.00,5.30,6.70,5.70,0.25
Jan-11,enugu,15.10,20.00,34.30,65.00,7.10,6.60,5.60,0.25
Feb-11,enugu,14.80,18.90,34.30,43.00,6.50,10.50,6.80,26.70
Mar-11,enugu,13.50,23.30,36.00,62.00,6.40,8.70,6.60,48.60
Apr-11,enugu,15.10,23.30,34.00,75.00,6.80,5.20,7.40,160.90
May-11,enugu,15.20,23.30,32.60,80.00,6.50,3.30,5.70,277.20
Jun-11,enugu,12.70,22.20,31.10,83.00,4.50,2.50,5.40,289.60
Jul-11,enugu,12.30,22.20,30.10,84.00,3.00,2.20,6.00,368.30
Aug-11,enugu,11.90,21.60,29.30,86.00,4.30,2.00,6.10,268.40
Sep-11,enugu,12.50,21.60,30.40,84.00,4.30,2.30,5.60,176.30
Oct-11,enugu,15.20,21.60,31.00,83.00,5.90,2.40,4.50,303.40
Nov-11,enugu,17.00,20.50,33.40,74.00,7.10,3.60,4.30,0.25
Dec-11,enugu,16.40,16.70,33.30,52.00,5.50,7.10,6.30,0.25
Jan-12,enugu,14.60,16.70,34.20,50.00,7.40,8.50,5.90,0.25
Feb-12,enugu,17.10,22.20,35.50,49.00,6.30,10.20,6.60,0.25
Mar-12,enugu,14.50,23.30,34.60,73.00,6.50,5.60,6.70,111.60
Apr-12,enugu,14.50,23.30,33.30,77.00,7.00,4.00,6.50,261.30
May-12,enugu,14.90,22.80,32.00,81.00,6.50,2.90,5.70,376.10
Jun-12,enugu,13.60,22.20,31.00,80.00,5.30,2.60,5.50,344.90
Jul-12,enugu,12.80,22.20,29.80,83.00,3.00,2.40,5.80,226.80
Aug-12,enugu,12.00,22.20,28.80,85.00,2.90,2.10,6.30,235.00
Sep-12,enugu,14.50,22.20,30.00,85.00,4.30,2.20,5.50,392.30
Oct-12,enugu,15.90,21.60,31.40,81.00,5.60,2.80,4.40,242.20
Nov-12,enugu,15.60,22.20,34.10,73.00,7.40,4.50,4.00,68.10
Dec-12,enugu,15.70,21.10,34.60,67.00,8.00,6.10,4.80,4.10
Jan-13,enugu,15.50,20.00,33.80,36.00,5.60,11.00,7.20,0.25
Feb-13,enugu,17.30,23.30,35.70,59.00,6.70,8.30,6.30,6.10
Mar-13,enugu,16.10,22.80,35.00,74.00,4.80,5.80,7.00,25.80
Apr-13,enugu,15.40,23.90,33.30,77.00,5.30,4.20,6.80,161.10
May-13,enugu,16.10,22.80,32.80,79.00,6.30,3.30,5.70,188.70
Jun-13,enugu,14.70,22.20,31.10,84.00,5.30,2.50,5.50,285.90
Jul-13,enugu,12.00,22.20,30.50,85.00,4.60,2.20,5.30,259.20
Aug-13,enugu,11.30,22.20,29.70,84.00,3.60,2.10,5.70,96.20
Sep-13,enugu,13.70,22.20,30.00,81.00,4.90,2.20,5.20,256.60
Oct-13,enugu,15.30,22.20,30.80,84.00,5.60,2.10,4.00,217.40
Nov-13,enugu,17.80,20.50,33.00,76.00,7.20,3.60,4.00,0.25
Dec-13,enugu,16.70,21.10,34.10,48.00,7.10,7.50,6.00,0.25
Jan-14,enugu,15.50,20.00,34.60,61.00,4.40,6.50,5.00,0.25
Feb-14,enugu,16.20,22.20,36.10,69.00,6.80,7.20,3.00,15.70
Mar-14,enugu,16.50,23.90,36.00,68.00,4.90,7.10,5.00,30.00
Apr-14,enugu,16.10,22.80,34.40,73.00,6.40,5.30,4.00,103.60
May-14,enugu,14.70,22.80,33.30,76.00,5.80,4.00,3.00,223.50
Jun-14,enugu,15.10,22.20,30.40,84.00,5.40,2.40,3.00,316.80
Jul-14,enugu,13.90,21.60,30.40,82.00,2.70,2.40,3.00,206.40
Aug-14,enugu,12.70,22.20,30.50,82.00,3.90,2.40,5.10,101.20
Sep-14,enugu,13.40,21.60,30.40,84.00,4.30,2.10,3.00,195.10
Oct-14,enugu,14.50,21.60,32.10,80.00,5.20,2.70,3.00,291.60
Nov-14,enugu,16.40,20.50,33.40,75.00,6.80,3.50,2.00,24.30
Dec-14,enugu,17.00,22.20,33.50,54.00,7.10,6.80,3.00,0.25
Jan-15,enugu,15.40,21.60,36.00,51.00,4.90,7.40,3.00,32.40
Feb-15,enugu,16.60,21.60,37.00,55.00,6.00,9.00,4.00,0.25
Mar-15,enugu,17.60,23.30,34.00,60.00,4.80,8.60,4.00,32.30
Apr-15,enugu,15.50,23.30,32.00,74.00,5.20,4.50,3.00,202.00
May-15,enugu,15.40,22.80,32.90,80.00,6.20,2.90,3.00,357.50
Jun-15,enugu,14.20,22.20,31.20,81.00,5.10,2.70,3.00,206.10
Jul-15,enugu,12.30,22.20,30.40,81.00,5.30,2.40,3.00,289.50
Aug-15,enugu,12.40,22.20,29.90,84.00,4.30,2.20,4.00,331.80
Sep-15,enugu,14.30,22.20,30.20,85.00,4.70,2.30,3.00,339.70
Oct-15,enugu,14.30,22.20,32.40,81.00,5.50,2.70,2.00,226.50
Nov-15,enugu,17.60,21.10,33.30,76.00,6.40,4.00,2.00,0.25
Dec-15,enugu,16.70,19.40,33.60,70.00,6.20,5.60,2.00,0.25
Jan-16,enugu,16.60,20.00,32.80,42.00,6.30,9.30,2.00,0.25
Feb-16,enugu,16.20,21.10,35.10,67.00,7.60,6.90,4.00,28.00
Mar-16,enugu,16.60,23.90,34.70,72.00,6.30,6.20,3.00,72.50
Apr-16,enugu,15.40,23.90,32.90,71.00,5.80,5.60,4.00,305.50
May-16,enugu,15.70,22.80,32.10,79.00,5.90,3.30,3.00,273.80
Jun-16,enugu,15.50,22.80,30.40,84.00,4.80,2.70,3.00,188.80
Jul-16,enugu,12.70,22.80,29.30,87.00,3.10,2.10,3.00,152.00
Aug-16,enugu,11.90,22.80,29.20,81.00,4.70,2.50,2.00,130.60
Sep-16,enugu,13.60,22.20,29.00,84.00,3.70,2.20,3.00,407.90
Oct-16,enugu,16.70,21.60,30.70,81.00,5.80,2.60,3.00,118.10
Nov-16,enugu,17.60,22.20,32.10,77.00,8.10,3.90,3.00,0.25
Dec-16,enugu,16.80,18.30,32.80,70.00,8.10,4.80,2.00,0.25
Jan-17,enugu,15.00,17.80,36.60,75.00,7.60,4.90,3.00,0.25
Feb-17,enugu,18.00,22.20,33.90,76.00,6.50,5.20,4.00,46.50
Mar-17,enugu,15.70,23.30,35.50,70.00,6.10,5.80,5.00,10.40
Apr-17,enugu,14.20,23.60,33.30,75.00,6.80,5.10,4.00,159.10
May-17,enugu,15.00,23.10,32.20,83.00,6.60,2.60,4.00,219.70
Jun-17,enugu,16.40,22.10,30.00,83.00,4.50,2.50,4.00,296.40
Jul-17,enugu,13.00,22.00,28.90,84.00,4.10,2.30,5.00,263.30
Aug-17,enugu,11.70,21.80,29.40,82.00,3.30,2.50,3.00,121.90
Sep-17,enugu,12.80,21.80,29.40,88.00,3.80,2.00,3.00,270.90
Oct-17,enugu,15.20,21.60,30.50,85.00,4.90,2.40,3.00,332.50
Nov-17,enugu,15.70,20.20,33.30,65.00,6.60,5.20,3.00,1.50
Dec-17,enugu,16.70,16.10,33.30,48.00,7.10,7.60,3.00,0.25
Jan-18,enugu,16.10,23.10,33.90,63.00,7.40,6.70,2.00,0.25
Feb-18,enugu,15.70,24.10,34.40,53.00,6.40,8.60,3.00,0.25
Mar-18,enugu,16.50,24.60,32.70,64.00,5.50,7.70,4.00,2.90
Apr-18,enugu,14.80,24.30,32.70,73.00,6.10,4.70,3.00,74.60
May-18,enugu,14.40,23.60,31.60,78.00,5.90,3.60,2.00,234.30
Jun-18,enugu,12.50,23.10,30.00,81.00,6.30,2.70,2.00,286.90
Jul-18,enugu,13.20,22.70,29.40,82.00,4.10,2.40,3.00,400.40
Aug-18,enugu,11.50,22.90,28.90,73.00,3.80,4.50,3.00,290.20
Sep-18,enugu,13.30,22.30,29.40,80.00,4.30,2.40,2.00,334.40
Oct-18,enugu,15.70,22.00,30.50,80.00,5.80,2.60,3.00,227.40
Nov-18,enugu,15.90,21.00,31.60,71.00,7.50,4.40,3.00,39.80
Dec-18,enugu,14.50,18.00,32.70,57.00,7.20,7.70,3.00,0.25
